t,id_ref,iq_ref,ids,iqs,vd,vq,vd_unsat,vq_unsat,omega_rpm
0.0,0.0,0.0,0.0,0.0,0.0,0.0,0.0,0.0,0.0
0.0005,0.0,0.0,0.0,0.0,0.0,0.0,0.0,0.0,0.0
0.001,0.0,0.0,0.0,0.0,0.0,0.0,0.0,0.0,0.0
0.0015,0.0,0.0,0.0,0.0,0.0,0.0,0.0,0.0,0.0
0.002,0.0,0.0,0.0,0.0,0.0,0.0,0.0,0.0,0.0
0.0025,0.0,0.0,0.0,0.0,0.0,0.0,0.0,0.0,0.0
0.003,0.0,0.0,0.0,0.0,0.0,0.0,0.0,0.0,0.0
0.0035,0.0,0.0,0.0,0.0,0.0,0.0,0.0,0.0,0.0
0.004,0.0,0.0,0.0,0.0,0.0,0.0,0.0,0.0,0.0
0.0045000000000000005,0.0,0.0,0.0,0.0,0.0,0.0,0.0,0.0,0.0
0.005,0.0,0.0,0.0,0.0,0.0,0.0,0.0,0.0,0.0
0.0055000000000000005,0.0,0.0,0.0,0.0,0.0,0.0,0.0,0.0,0.0
0.006,0.0,0.0,0.0,0.0,0.0,0.0,0.0,0.0,0.0
0.006500000000000001,0.0,0.0,0.0,0.0,0.0,0.0,0.0,0.0,0.0
0.007,0.0,0.0,0.0,0.0,0.0,0.0,0.0,0.0,0.0
0.007500000000000001,0.0,0.0,0.0,0.0,0.0,0.0,0.0,0.0,0.0
0.008,0.0,0.0,0.0,0.0,0.0,0.0,0.0,0.0,0.0
0.0085,0.0,0.0,0.0,0.0,0.0,0.0,0.0,0.0,0.0
0.009000000000000001,0.0,0.0,0.0,0.0,0.0,0.0,0.0,0.0,0.0
0.0095,0.0,0.0,0.0,0.0,0.0,0.0,0.0,0.0,0.0
0.01,0.0,0.0,0.0,0.0,0.0,0.0,0.0,0.0,0.0
0.0105,0.0,0.0,0.0,0.0,0.0,0.0,0.0,0.0,0.0
0.011000000000000001,0.0,0.0,0.0,0.0,0.0,0.0,0.0,0.0,0.0
0.0115,0.0,0.0,0.0,0.0,0.0,0.0,0.0,0.0,0.0
0.012,0.0,0.0,0.0,0.0,0.0,0.0,0.0,0.0,0.0
0.0125,0.0,0.0,0.0,0.0,0.0,0.0,0.0,0.0,0.0
0.013000000000000001,0.0,0.0,0.0,0.0,0.0,0.0,0.0,0.0,0.0
0.0135,0.0,0.0,0.0,0.0,0.0,0.0,0.0,0.0,0.0
0.014,0.0,0.0,0.0,0.0,0.0,0.0,0.0,0.0,0.0
0.0145,0.0,0.0,0.0,0.0,0.0,0.0,0.0,0.0,0.0
0.015000000000000001,0.0,0.0,0.0,0.0,0.0,0.0,0.0,0.0,0.0
0.0155,0.0,0.0,0.0,0.0,0.0,0.0,0.0,0.0,0.0
0.016,0.0,0.0,0.0,0.0,0.0,0.0,0.0,0.0,0.0
0.0165,0.0,0.0,0.0,0.0,0.0,0.0,0.0,0.0,0.0
0.017,0.0,0.0,0.0,0.0,0.0,0.0,0.0,0.0,0.0
0.0175,0.0,0.0,0.0,0.0,0.0,0.0,0.0,0.0,0.0
0.018000000000000002,0.0,0.0,0.0,0.0,0.0,0.0,0.0,0.0,0.0
0.018500000000000003,0.0,0.0,0.0,0.0,0.0,0.0,0.0,0.0,0.0
0.019,0.0,0.0,0.0,0.0,0.0,0.0,0.0,0.0,0.0
0.0195,0.0,0.0,0.0,0.0,0.0,0.0,0.0,0.0,0.0
0.02,0.0,0.0,0.0,0.0,0.0,0.0,0.0,0.0,0.0
0.0205,0.0,0.0,0.0,0.0,0.0,0.0,0.0,0.0,0.0
0.021,0.0,0.0,0.0,0.0,0.0,0.0,0.0,0.0,0.0
0.021500000000000002,0.0,0.0,0.0,0.0,0.0,0.0,0.0,0.0,0.0
0.022000000000000002,0.0,0.0,0.0,0.0,0.0,0.0,0.0,0.0,0.0
0.022500000000000003,0.0,0.0,0.0,0.0,0.0,0.0,0.0,0.0,0.0
0.023,0.0,0.0,0.0,0.0,0.0,0.0,0.0,0.0,0.0
0.0235,0.0,0.0,0.0,0.0,0.0,0.0,0.0,0.0,0.0
0.024,0.0,0.0,0.0,0.0,0.0,0.0,0.0,0.0,0.0
0.0245,0.0,0.0,0.0,0.0,0.0,0.0,0.0,0.0,0.0
0.025,0.0,0.0,0.0,0.0,0.0,0.0,0.0,0.0,0.0
0.025500000000000002,0.0,0.0,0.0,0.0,0.0,0.0,0.0,0.0,0.0
0.026000000000000002,0.0,0.0,0.0,0.0,0.0,0.0,0.0,0.0,0.0
0.026500000000000003,0.0,0.0,0.0,0.0,0.0,0.0,0.0,0.0,0.0
0.027,0.0,0.0,0.0,0.0,0.0,0.0,0.0,0.0,0.0
0.0275,0.0,0.0,0.0,0.0,0.0,0.0,0.0,0.0,0.0
0.028,0.0,0.0,0.0,0.0,0.0,0.0,0.0,0.0,0.0
0.0285,0.0,0.0,0.0,0.0,0.0,0.0,0.0,0.0,0.0
0.029,0.0,0.0,0.0,0.0,0.0,0.0,0.0,0.0,0.0
0.029500000000000002,0.0,0.0,0.0,0.0,0.0,0.0,0.0,0.0,0.0
0.030000000000000002,0.0,0.0,0.0,0.0,0.0,0.0,0.0,0.0,0.0
0.030500000000000003,0.0,0.0,0.0,0.0,0.0,0.0,0.0,0.0,0.0
0.031,0.0,0.0,0.0,0.0,0.0,0.0,0.0,0.0,0.0
0.0315,0.0,0.0,0.0,0.0,0.0,0.0,0.0,0.0,0.0
0.032,0.0,0.0,0.0,0.0,0.0,0.0,0.0,0.0,0.0
0.0325,0.0,0.0,0.0,0.0,0.0,0.0,0.0,0.0,0.0
0.033,0.0,0.0,0.0,0.0,0.0,0.0,0.0,0.0,0.0
0.0335,0.0,0.0,0.0,0.0,0.0,0.0,0.0,0.0,0.0
0.034,0.0,0.0,0.0,0.0,0.0,0.0,0.0,0.0,0.0
0.0345,0.0,0.0,0.0,0.0,0.0,0.0,0.0,0.0,0.0
0.035,0.0,0.0,0.0,0.0,0.0,0.0,0.0,0.0,0.0
0.035500000000000004,0.0,0.0,0.0,0.0,0.0,0.0,0.0,0.0,0.0
0.036000000000000004,0.0,0.0,0.0,0.0,0.0,0.0,0.0,0.0,0.0
0.036500000000000005,0.0,0.0,0.0,0.0,0.0,0.0,0.0,0.0,0.0
0.037000000000000005,0.0,0.0,0.0,0.0,0.0,0.0,0.0,0.0,0.0
0.0375,0.0,0.0,0.0,0.0,0.0,0.0,0.0,0.0,0.0
0.038,0.0,0.0,0.0,0.0,0.0,0.0,0.0,0.0,0.0
0.0385,0.0,0.0,0.0,0.0,0.0,0.0,0.0,0.0,0.0
0.039,0.0,0.0,0.0,0.0,0.0,0.0,0.0,0.0,0.0
0.0395,0.0,0.0,0.0,0.0,0.0,0.0,0.0,0.0,0.0
0.04,0.0,0.0,0.0,0.0,0.0,0.0,0.0,0.0,0.0
0.0405,0.0,0.0,0.0,0.0,0.0,0.0,0.0,0.0,0.0
0.041,0.0,0.0,0.0,0.0,0.0,0.0,0.0,0.0,0.0
0.0415,0.0,0.0,0.0,0.0,0.0,0.0,0.0,0.0,0.0
0.042,0.0,0.0,0.0,0.0,0.0,0.0,0.0,0.0,0.0
0.0425,0.0,0.0,0.0,0.0,0.0,0.0,0.0,0.0,0.0
0.043000000000000003,0.0,0.0,0.0,0.0,0.0,0.0,0.0,0.0,0.0
0.043500000000000004,0.0,0.0,0.0,0.0,0.0,0.0,0.0,0.0,0.0
0.044000000000000004,0.0,0.0,0.0,0.0,0.0,0.0,0.0,0.0,0.0
0.044500000000000005,0.0,0.0,0.0,0.0,0.0,0.0,0.0,0.0,0.0
0.045000000000000005,0.0,0.0,0.0,0.0,0.0,0.0,0.0,0.0,0.0
0.0455,0.0,0.0,0.0,0.0,0.0,0.0,0.0,0.0,0.0
0.046,0.0,0.0,0.0,0.0,0.0,0.0,0.0,0.0,0.0
0.0465,0.0,0.0,0.0,0.0,0.0,0.0,0.0,0.0,0.0
0.047,0.0,0.0,0.0,0.0,0.0,0.0,0.0,0.0,0.0
0.0475,0.0,0.0,0.0,0.0,0.0,0.0,0.0,0.0,0.0
0.048,0.0,0.0,0.0,0.0,0.0,0.0,0.0,0.0,0.0
0.0485,0.0,0.0,0.0,0.0,0.0,0.0,0.0,0.0,0.0
0.049,0.0,0.0,0.0,0.0,0.0,0.0,0.0,0.0,0.0
0.0495,0.0,0.0,0.0,0.0,0.0,0.0,0.0,0.0,0.0
0.05,0.0,0.0,0.0,0.0,0.0,0.0,0.0,0.0,0.0
0.0505,0.0,0.0,0.0,0.0,0.0,0.0,0.0,0.0,0.0
0.051000000000000004,0.0,0.0,0.0,0.0,0.0,0.0,0.0,0.0,0.0
0.051500000000000004,0.0,0.0,0.0,0.0,0.0,0.0,0.0,0.0,0.0
0.052000000000000005,0.0,0.0,0.0,0.0,0.0,0.0,0.0,0.0,0.0
0.052500000000000005,0.0,0.0,0.0,0.0,0.0,0.0,0.0,0.0,0.0
0.053000000000000005,0.0,0.0,0.0,0.0,0.0,0.0,0.0,0.0,0.0
0.053500000000000006,0.0,0.0,0.0,0.0,0.0,0.0,0.0,0.0,0.0
0.054,0.0,0.0,0.0,0.0,0.0,0.0,0.0,0.0,0.0
0.0545,0.0,0.0,0.0,0.0,0.0,0.0,0.0,0.0,0.0
0.055,0.0,0.0,0.0,0.0,0.0,0.0,0.0,0.0,0.0
0.0555,0.0,0.0,0.0,0.0,0.0,0.0,0.0,0.0,0.0
0.056,0.0,0.0,0.0,0.0,0.0,0.0,0.0,0.0,0.0
0.0565,0.0,0.0,0.0,0.0,0.0,0.0,0.0,0.0,0.0
0.057,0.0,0.0,0.0,0.0,0.0,0.0,0.0,0.0,0.0
0.0575,0.0,0.0,0.0,0.0,0.0,0.0,0.0,0.0,0.0
0.058,0.0,0.0,0.0,0.0,0.0,0.0,0.0,0.0,0.0
0.0585,0.0,0.0,0.0,0.0,0.0,0.0,0.0,0.0,0.0
0.059000000000000004,0.0,0.0,0.0,0.0,0.0,0.0,0.0,0.0,0.0
0.059500000000000004,0.0,0.0,0.0,0.0,0.0,0.0,0.0,0.0,0.0
0.060000000000000005,0.0,0.0,0.0,0.0,0.0,0.0,0.0,0.0,0.0
0.060500000000000005,0.0,0.0,0.0,0.0,0.0,0.0,0.0,0.0,0.0
0.061000000000000006,0.0,0.0,0.0,0.0,0.0,0.0,0.0,0.0,0.0
0.061500000000000006,0.0,0.0,0.0,0.0,0.0,0.0,0.0,0.0,0.0
0.062,0.0,0.0,0.0,0.0,0.0,0.0,0.0,0.0,0.0
0.0625,0.0,0.0,0.0,0.0,0.0,0.0,0.0,0.0,0.0
0.063,0.0,0.0,0.0,0.0,0.0,0.0,0.0,0.0,0.0
0.0635,0.0,0.0,0.0,0.0,0.0,0.0,0.0,0.0,0.0
0.064,0.0,0.0,0.0,0.0,0.0,0.0,0.0,0.0,0.0
0.0645,0.0,0.0,0.0,0.0,0.0,0.0,0.0,0.0,0.0
0.065,0.0,0.0,0.0,0.0,0.0,0.0,0.0,0.0,0.0
0.0655,0.0,0.0,0.0,0.0,0.0,0.0,0.0,0.0,0.0
0.066,0.0,0.0,0.0,0.0,0.0,0.0,0.0,0.0,0.0
0.0665,0.0,0.0,0.0,0.0,0.0,0.0,0.0,0.0,0.0
0.067,0.0,0.0,0.0,0.0,0.0,0.0,0.0,0.0,0.0
0.0675,0.0,0.0,0.0,0.0,0.0,0.0,0.0,0.0,0.0
0.068,0.0,0.0,0.0,0.0,0.0,0.0,0.0,0.0,0.0
0.0685,0.0,0.0,0.0,0.0,0.0,0.0,0.0,0.0,0.0
0.069,0.0,0.0,0.0,0.0,0.0,0.0,0.0,0.0,0.0
0.0695,0.0,0.0,0.0,0.0,0.0,0.0,0.0,0.0,0.0
0.07,0.0,0.0,0.0,0.0,0.0,0.0,0.0,0.0,0.0
0.07050000000000001,0.0,0.0,0.0,0.0,0.0,0.0,0.0,0.0,0.0
0.07100000000000001,0.0,0.0,0.0,0.0,0.0,0.0,0.0,0.0,0.0
0.07150000000000001,0.0,0.0,0.0,0.0,0.0,0.0,0.0,0.0,0.0
0.07200000000000001,0.0,0.0,0.0,0.0,0.0,0.0,0.0,0.0,0.0
0.07250000000000001,0.0,0.0,0.0,0.0,0.0,0.0,0.0,0.0,0.0
0.07300000000000001,0.0,0.0,0.0,0.0,0.0,0.0,0.0,0.0,0.0
0.07350000000000001,0.0,0.0,0.0,0.0,0.0,0.0,0.0,0.0,0.0
0.07400000000000001,0.0,0.0,0.0,0.0,0.0,0.0,0.0,0.0,0.0
0.0745,0.0,0.0,0.0,0.0,0.0,0.0,0.0,0.0,0.0
0.075,0.0,0.0,0.0,0.0,0.0,0.0,0.0,0.0,0.0
0.0755,0.0,0.0,0.0,0.0,0.0,0.0,0.0,0.0,0.0
0.076,0.0,0.0,0.0,0.0,0.0,0.0,0.0,0.0,0.0
0.0765,0.0,0.0,0.0,0.0,0.0,0.0,0.0,0.0,0.0
0.077,0.0,0.0,0.0,0.0,0.0,0.0,0.0,0.0,0.0
0.0775,0.0,0.0,0.0,0.0,0.0,0.0,0.0,0.0,0.0
0.078,0.0,0.0,0.0,0.0,0.0,0.0,0.0,0.0,0.0
0.0785,0.0,0.0,0.0,0.0,0.0,0.0,0.0,0.0,0.0
0.079,0.0,0.0,0.0,0.0,0.0,0.0,0.0,0.0,0.0
0.0795,0.0,0.0,0.0,0.0,0.0,0.0,0.0,0.0,0.0
0.08,0.0,0.0,0.0,0.0,0.0,0.0,0.0,0.0,0.0
0.0805,0.0,0.0,0.0,0.0,0.0,0.0,0.0,0.0,0.0
0.081,0.0,0.0,0.0,0.0,0.0,0.0,0.0,0.0,0.0
0.0815,0.0,0.0,0.0,0.0,0.0,0.0,0.0,0.0,0.0
0.082,0.0,0.0,0.0,0.0,0.0,0.0,0.0,0.0,0.0
0.0825,0.0,0.0,0.0,0.0,0.0,0.0,0.0,0.0,0.0
0.083,0.0,0.0,0.0,0.0,0.0,0.0,0.0,0.0,0.0
0.0835,0.0,0.0,0.0,0.0,0.0,0.0,0.0,0.0,0.0
0.084,0.0,0.0,0.0,0.0,0.0,0.0,0.0,0.0,0.0
0.0845,0.0,0.0,0.0,0.0,0.0,0.0,0.0,0.0,0.0
0.085,0.0,0.0,0.0,0.0,0.0,0.0,0.0,0.0,0.0
0.0855,0.0,0.0,0.0,0.0,0.0,0.0,0.0,0.0,0.0
0.08600000000000001,0.0,0.0,0.0,0.0,0.0,0.0,0.0,0.0,0.0
0.08650000000000001,0.0,0.0,0.0,0.0,0.0,0.0,0.0,0.0,0.0
0.08700000000000001,0.0,0.0,0.0,0.0,0.0,0.0,0.0,0.0,0.0
0.08750000000000001,0.0,0.0,0.0,0.0,0.0,0.0,0.0,0.0,0.0
0.08800000000000001,0.0,0.0,0.0,0.0,0.0,0.0,0.0,0.0,0.0
0.08850000000000001,0.0,0.0,0.0,0.0,0.0,0.0,0.0,0.0,0.0
0.08900000000000001,0.0,0.0,0.0,0.0,0.0,0.0,0.0,0.0,0.0
0.08950000000000001,0.0,0.0,0.0,0.0,0.0,0.0,0.0,0.0,0.0
0.09000000000000001,0.0,0.0,0.0,0.0,0.0,0.0,0.0,0.0,0.0
0.09050000000000001,0.0,0.0,0.0,0.0,0.0,0.0,0.0,0.0,0.0
0.091,0.0,0.0,0.0,0.0,0.0,0.0,0.0,0.0,0.0
0.0915,0.0,0.0,0.0,0.0,0.0,0.0,0.0,0.0,0.0
0.092,0.0,0.0,0.0,0.0,0.0,0.0,0.0,0.0,0.0
0.0925,0.0,0.0,0.0,0.0,0.0,0.0,0.0,0.0,0.0
0.093,0.0,0.0,0.0,0.0,0.0,0.0,0.0,0.0,0.0
0.0935,0.0,0.0,0.0,0.0,0.0,0.0,0.0,0.0,0.0
0.094,0.0,0.0,0.0,0.0,0.0,0.0,0.0,0.0,0.0
0.0945,0.0,0.0,0.0,0.0,0.0,0.0,0.0,0.0,0.0
0.095,0.0,0.0,0.0,0.0,0.0,0.0,0.0,0.0,0.0
0.0955,0.0,0.0,0.0,0.0,0.0,0.0,0.0,0.0,0.0
0.096,0.0,0.0,0.0,0.0,0.0,0.0,0.0,0.0,0.0
0.0965,0.0,0.0,0.0,0.0,0.0,0.0,0.0,0.0,0.0
0.097,0.0,0.0,0.0,0.0,0.0,0.0,0.0,0.0,0.0
0.0975,0.0,0.0,0.0,0.0,0.0,0.0,0.0,0.0,0.0
0.098,0.0,0.0,0.0,0.0,0.0,0.0,0.0,0.0,0.0
0.0985,0.0,0.0,0.0,0.0,0.0,0.0,0.0,0.0,0.0
0.099,0.0,0.0,0.0,0.0,0.0,0.0,0.0,0.0,0.0
0.0995,0.0,0.0,0.0,0.0,0.0,0.0,0.0,0.0,0.0
0.1,5.0,0.0,2.497200294584702,0.0,100.0,0.0,100.0,0.0,0.0
0.1005,5.0,0.0,4.842730287128795,0.0,8.633858753045404,0.0,8.633858753045404,0.0,0.0
0.101,5.0,0.0,4.91486838703792,0.0,6.0070958445500455,0.0,6.0070958445500455,0.0,0.0
0.1015,5.0,0.0,4.9218111187516955,0.0,5.915228828528666,0.0,5.915228828528666,0.0,0.0
0.10200000000000001,5.0,0.0,4.926651814230009,0.0,5.89567657155642,0.0,5.89567657155642,0.0,0.0
0.10250000000000001,5.0,0.0,4.931204358367951,0.0,5.878100799550925,0.0,5.878100799550925,0.0,0.0
0.10300000000000001,5.0,0.0,4.935531523384012,0.0,5.8605016057209,0.0,5.8605016057209,0.0,0.0
0.10350000000000001,5.0,0.0,4.939645532960796,0.0,5.842830814578057,0.0,5.842830814578057,0.0,0.0
0.10400000000000001,5.0,0.0,4.943556667153522,0.0,5.82509554724815,0.0,5.82509554724815,0.0,0.0
0.10450000000000001,5.0,0.0,4.947274674803001,0.0,5.807304068391239,0.0,5.807304068391239,0.0,0.0
0.10500000000000001,5.0,0.0,4.950808836661604,0.0,5.789464260267435,0.0,5.789464260267435,0.0,0.0
0.10550000000000001,5.0,0.0,4.9541679888836985,0.0,5.771583599186619,0.0,5.771583599186619,0.0,0.0
0.10600000000000001,5.0,0.0,4.957360544345389,0.0,5.753669173915739,0.0,5.753669173915739,0.0,0.0
0.10650000000000001,5.0,0.0,4.96039451291359,0.0,5.7357277043702934,0.0,5.7357277043702934,0.0,0.0
0.10700000000000001,5.0,0.0,4.963277520743702,0.0,5.717765559443311,0.0,5.717765559443311,0.0,0.0
0.1075,5.0,0.0,4.9660168286532915,0.0,5.69978877398038,0.0,5.69978877398038,0.0,0.0
0.108,5.0,0.0,4.968619349615969,0.0,5.681803064941295,0.0,5.681803064941295,0.0,0.0
0.1085,5.0,0.0,4.97109166541767,0.0,5.663813846786523,0.0,5.663813846786523,0.0,0.0
0.109,5.0,0.0,4.973440042515389,0.0,5.6458262461263065,0.0,5.6458262461263065,0.0,0.0
0.1095,5.0,0.0,4.975670447136578,0.0,5.627845115667164,0.0,5.627845115667164,0.0,0.0
0.11,5.0,0.0,4.977788559655545,0.0,5.609875047490037,0.0,5.609875047490037,0.0,0.0
0.1105,5.0,0.0,4.979799788281526,0.0,5.59192038569123,0.0,5.59192038569123,0.0,0.0
0.111,5.0,0.0,4.981709282091296,0.0,5.573985238417593,0.0,5.573985238417593,0.0,0.0
0.1115,5.0,0.0,4.983521943437793,0.0,5.5560734893241825,0.0,5.5560734893241825,0.0,0.0
0.112,5.0,0.0,4.985242439764604,0.0,5.538188808482776,0.0,5.538188808482776,0.0,0.0
0.1125,5.0,0.0,4.986875214854708,0.0,5.520334662766727,0.0,5.520334662766727,0.0,0.0
0.113,5.0,0.0,4.988424499540665,0.0,5.5025143257380815,0.0,5.5025143257380815,0.0,0.0
0.1135,5.0,0.0,4.989894321901936,0.0,5.484730887059879,0.0,5.484730887059879,0.0,0.0
0.114,5.0,0.0,4.991288516973965,0.0,5.466987261457659,0.0,5.466987261457659,0.0,0.0
0.1145,5.0,0.0,4.992610735992361,0.0,5.449286197249975,0.0,5.449286197249975,0.0,0.0
0.115,5.0,0.0,4.993864455194454,0.0,5.431630284470838,0.0,5.431630284470838,0.0,0.0
0.1155,5.0,0.0,4.995052984199425,0.0,5.414021962600591,0.0,5.414021962600591,0.0,0.0
0.116,5.0,0.0,4.99617947398715,0.0,5.396463527927985,0.0,5.396463527927985,0.0,0.0
0.1165,5.0,0.0,4.997246924495053,0.0,5.378957140556673,0.0,5.378957140556673,0.0,0.0
0.117,5.0,0.0,4.9982581918511455,0.0,5.361504831077088,0.0,5.361504831077088,0.0,0.0
0.11750000000000001,5.0,0.0,4.999215995260771,0.0,5.344108506916782,0.0,5.344108506916782,0.0,0.0
0.11800000000000001,5.0,0.0,5.0001229235636275,0.0,5.326769958386819,0.0,5.326769958386819,0.0,0.0
0.11850000000000001,5.0,0.0,5.000981441476725,0.0,5.309490864436545,0.0,5.309490864436545,0.0,0.0
0.11900000000000001,5.0,0.0,5.001793895538551,0.0,5.292272798133961,0.0,5.292272798133961,0.0,0.0
0.11950000000000001,5.0,0.0,5.002562519768491,0.0,5.275117231880389,0.0,5.275117231880389,0.0,0.0
0.12000000000000001,5.0,0.0,5.00328944105536,0.0,5.258025542376863,0.0,5.258025542376863,0.0,0.0
0.12050000000000001,5.0,0.0,5.003976684287848,0.0,5.2409990153499,0.0,5.2409990153499,0.0,0.0
0.12100000000000001,5.0,0.0,5.004626177239382,0.0,5.2240388500520645,0.0,5.2240388500520645,0.0,0.0
0.12150000000000001,5.0,0.0,5.005239755219002,0.0,5.2071461635449525,0.0,5.2071461635449525,0.0,0.0
0.12200000000000001,5.0,0.0,5.005819165499614,0.0,5.1903219947763795,0.0,5.1903219947763795,0.0,0.0
0.12250000000000001,5.0,0.0,5.006366071534183,0.0,5.173567308462422,0.0,5.173567308462422,0.0,0.0
0.12300000000000001,5.0,0.0,5.006882056970016,0.0,5.156882998781446,0.0,5.156882998781446,0.0,0.0
0.12350000000000001,5.0,0.0,5.007368629470887,0.0,5.140269892891403,0.0,5.140269892891403,0.0,0.0
0.124,5.0,0.0,5.007827224356115,0.0,5.123728754277913,0.0,5.123728754277913,0.0,0.0
0.1245,5.0,0.0,5.008259208065379,0.0,5.107260285940833,0.0,5.107260285940833,0.0,0.0
0.125,5.0,0.0,5.008665881457659,0.0,5.090865133427122,0.0,5.090865133427122,0.0,0.0
0.1255,5.0,0.0,5.009048482952199,0.0,5.074543887719312,0.0,5.074543887719312,0.0,0.0
0.126,5.0,0.0,5.009408191519104,0.0,5.058297087982615,0.0,5.058297087982615,0.0,0.0
0.1265,5.0,0.0,5.009746129526641,0.0,5.042125224181418,0.0,5.042125224181418,0.0,0.0
0.127,5.0,0.0,5.010063365452352,0.0,5.026028739569159,0.0,5.026028739569159,0.0,0.0
0.1275,5.0,0.0,5.010360916464204,0.0,5.010008033058405,0.0,5.010008033058405,0.0,0.0
0.128,5.0,0.0,5.010639750878269,0.0,4.994063461475904,0.0,4.994063461475904,0.0,0.0
0.1285,5.0,0.0,5.01090079049861,0.0,4.978195341710377,0.0,4.978195341710377,0.0,0.0
0.129,5.0,0.0,5.0111449128452294,0.0,4.962403952755113,0.0,4.962403952755113,0.0,0.0
0.1295,5.0,0.0,5.011372953275231,0.0,4.946689537652868,0.0,4.946689537652868,0.0,0.0
0.13,5.0,0.0,5.0115857070025465,0.0,4.931052305347329,0.0,4.931052305347329,0.0,0.0
0.1305,5.0,0.0,5.011783931020801,0.0,4.915492432444154,0.0,4.915492432444154,0.0,0.0
0.131,5.0,0.0,5.011968345934196,0.0,4.900010064887228,0.0,4.900010064887228,0.0,0.0
0.1315,5.0,0.0,5.012139637700736,0.0,4.884605319554842,0.0,4.884605319554842,0.0,0.0
0.132,5.0,0.0,5.0122984592919,0.0,4.869278285777078,0.0,4.869278285777078,0.0,0.0
0.1325,5.0,0.0,5.012445432272937,0.0,4.854029026781692,0.0,4.854029026781692,0.0,0.0
0.133,5.0,0.0,5.012581148307408,0.0,4.838857581068282,0.0,4.838857581068282,0.0,0.0
0.1335,5.0,0.0,5.01270617058974,0.0,4.823763963717106,0.0,4.823763963717106,0.0,0.0
0.134,5.0,0.0,5.012821035209166,0.0,4.808748167634312,0.0,4.808748167634312,0.0,0.0
0.1345,5.0,0.0,5.012926252448325,0.0,4.793810164736447,0.0,4.793810164736447,0.0,0.0
0.135,5.0,0.0,5.013022308019727,0.0,4.778949907077556,0.0,4.778949907077556,0.0,0.0
0.1355,5.0,0.0,5.013109664242999,0.0,4.764167327922759,0.0,4.764167327922759,0.0,0.0
0.136,5.0,0.0,5.013188761165737,0.0,4.749462342767112,0.0,4.749462342767112,0.0,0.0
0.1365,5.0,0.0,5.013260017630631,0.0,4.7348348503086655,0.0,4.7348348503086655,0.0,0.0
0.137,5.0,0.0,5.013323832291664,0.0,4.720284733370999,0.0,4.720284733370999,0.0,0.0
0.1375,5.0,0.0,5.013380584581509,0.0,4.705811859782123,0.0,4.705811859782123,0.0,0.0
0.138,5.0,0.0,5.013430635632555,0.0,4.691416083211565,0.0,4.691416083211565,0.0,0.0
0.1385,5.0,0.0,5.013474329153999,0.0,4.6770972439648,0.0,4.6770972439648,0.0,0.0
0.139,5.0,0.0,5.01351199226682,0.0,4.662855169740579,0.0,4.662855169740579,0.0,0.0
0.1395,5.0,0.0,5.013543936298771,0.0,4.6486896763503065,0.0,4.6486896763503065,0.0,0.0
0.14,5.0,0.0,5.0135704575413484,0.0,4.634600568402895,0.0,4.634600568402895,0.0,0.0
0.1405,5.0,0.0,5.013591837970454,0.0,4.620587639956372,0.0,4.620587639956372,0.0,0.0
0.14100000000000001,5.0,0.0,5.013608345932677,0.0,4.606650675136013,0.0,4.606650675136013,0.0,0.0
0.14150000000000001,5.0,0.0,5.013620236798462,0.0,4.592789448724682,0.0,4.592789448724682,0.0,0.0
0.14200000000000002,5.0,0.0,5.013627753584301,0.0,4.5790037267230055,0.0,4.5790037267230055,0.0,0.0
0.14250000000000002,5.0,0.0,5.0136311275449055,0.0,4.5652932668804675,0.0,4.5652932668804675,0.0,0.0
0.14300000000000002,5.0,0.0,5.013630578737083,0.0,4.551657819204246,0.0,4.551657819204246,0.0,0.0
0.14350000000000002,5.0,0.0,5.013626316556678,0.0,4.53809712643943,0.0,4.53809712643943,0.0,0.0
0.14400000000000002,5.0,0.0,5.0136185402497295,0.0,4.5246109245273995,0.0,4.5246109245273995,0.0,0.0
0.14450000000000002,5.0,0.0,5.013607439399112,0.0,4.511198943041281,0.0,4.511198943041281,0.0,0.0
0.14500000000000002,5.0,0.0,5.013593194388019,0.0,4.497860905599699,0.0,4.497860905599699,0.0,0.0
0.14550000000000002,5.0,0.0,5.013575976841045,0.0,4.4845965302605855,0.0,4.4845965302605855,0.0,0.0
0.14600000000000002,5.0,0.0,5.013555950044372,0.0,4.471405529894892,0.0,4.471405529894892,0.0,0.0
0.14650000000000002,5.0,0.0,5.013533269345617,0.0,4.458287612542833,0.0,4.458287612542833,0.0,0.0
0.14700000000000002,5.0,0.0,5.0135080825347185,0.0,4.4452424817501015,0.0,4.4452424817501015,0.0,0.0
0.14750000000000002,5.0,0.0,5.013480530206369,0.0,4.4322698368914635,0.0,4.4322698368914635,0.0,0.0
0.14800000000000002,5.0,0.0,5.01345074610536,0.0,4.419369373473289,0.0,4.419369373473289,0.0,0.0
0.14850000000000002,5.0,0.0,5.0134188574551475,0.0,4.406540783425125,0.0,4.406540783425125,0.0,0.0
0.149,5.0,0.0,5.013384985270768,0.0,4.393783755374413,0.0,4.393783755374413,0.0,0.0
0.1495,5.0,0.0,5.013349244656867,0.0,4.381097974908434,0.0,4.381097974908434,0.0,0.0
0.15,5.0,0.0,5.013311745091239,0.0,4.368483124822345,0.0,4.368483124822345,0.0,0.0
0.1505,5.0,0.0,5.0132725906949975,0.0,4.355938885356022,0.0,4.355938885356022,0.0,0.0
0.151,5.0,0.0,5.013231880489699,0.0,4.343464934417296,0.0,4.343464934417296,0.0,0.0
0.1515,5.0,0.0,5.013189708642131,0.0,4.331060947794917,0.0,4.331060947794917,0.0,0.0
0.152,5.0,0.0,5.0131461646975035,0.0,4.318726599361257,0.0,4.318726599361257,0.0,0.0
0.1525,5.0,0.0,5.01310133380124,0.0,4.306461561264006,0.0,4.306461561264006,0.0,0.0
0.153,5.0,0.0,5.013055296910446,0.0,4.294265504106809,0.0,4.294265504106809,0.0,0.0
0.1535,5.0,0.0,5.013008130994989,0.0,4.282138097124012,0.0,4.282138097124012,0.0,0.0
0.154,5.0,0.0,5.01295990922907,0.0,4.27007900834324,0.0,4.27007900834324,0.0,0.0
0.1545,5.0,0.0,5.012910701173621,0.0,4.258087904741256,0.0,4.258087904741256,0.0,0.0
0.155,5.0,0.0,5.012860572949903,0.0,4.24616445239188,0.0,4.24616445239188,0.0,0.0
0.1555,5.0,0.0,5.012809587404875,0.0,4.234308316605005,0.0,4.234308316605005,0.0,0.0
0.156,5.0,0.0,5.012757804268532,0.0,4.22251916205953,0.0,4.22251916205953,0.0,0.0
0.1565,5.0,0.0,5.012705280303822,0.0,4.210796652930238,0.0,4.210796652930238,0.0,0.0
0.157,5.0,0.0,5.012652069449313,0.0,4.19914045300488,0.0,4.19914045300488,0.0,0.0
0.1575,5.0,0.0,5.012598222954991,0.0,4.187550225798528,0.0,4.187550225798528,0.0,0.0
0.158,5.0,0.0,5.012543789511682,0.0,4.176025634660352,0.0,4.176025634660352,0.0,0.0
0.1585,5.0,0.0,5.012488815374114,0.0,4.164566342874636,0.0,4.164566342874636,0.0,0.0
0.159,5.0,0.0,5.012433344478233,0.0,4.153172013756562,0.0,4.153172013756562,0.0,0.0
0.1595,5.0,0.0,5.01237741855275,0.0,4.141842310743089,0.0,4.141842310743089,0.0,0.0
0.16,5.0,0.0,5.012321077225466,0.0,4.130576897479825,0.0,4.130576897479825,0.0,0.0
0.1605,5.0,0.0,5.012264358124484,0.0,4.119375437900272,0.0,4.119375437900272,0.0,0.0
0.161,5.0,0.0,5.01220729697444,0.0,4.10823759630475,0.0,4.10823759630475,0.0,0.0
0.1615,5.0,0.0,5.012149927688364,0.0,4.097163037431727,0.0,4.097163037431727,0.0,0.0
0.162,5.0,0.0,5.012092282454872,0.0,4.086151426527209,0.0,4.086151426527209,0.0,0.0
0.1625,5.0,0.0,5.012034391821431,0.0,4.075202429408866,0.0,4.075202429408866,0.0,0.0
0.163,5.0,0.0,5.011976284773378,0.0,4.064315712528156,0.0,4.064315712528156,0.0,0.0
0.1635,5.0,0.0,5.011917988809434,0.0,4.053490943027773,0.0,4.053490943027773,0.0,0.0
0.164,5.0,0.0,5.011859530013315,0.0,4.042727788795352,0.0,4.042727788795352,0.0,0.0
0.1645,5.0,0.0,5.011800933122152,0.0,4.032025918516553,0.0,4.032025918516553,0.0,0.0
0.165,5.0,0.0,5.011742221591474,0.0,4.021385001722182,0.0,4.021385001722182,0.0,0.0
0.1655,5.0,0.0,5.011683417657135,0.0,4.010804708833457,0.0,4.010804708833457,0.0,0.0
0.166,5.0,0.0,5.011624542394279,0.0,4.000284711207696,0.0,4.000284711207696,0.0,0.0
0.1665,5.0,0.0,5.011565615773466,0.0,3.989824681174408,0.0,3.989824681174408,0.0,0.0
0.167,5.0,0.0,5.011506656714096,0.0,3.9794242920772023,0.0,3.9794242920772023,0.0,0.0
0.1675,5.0,0.0,5.011447683135281,0.0,3.9690832183077065,0.0,3.9690832183077065,0.0,0.0
0.168,5.0,0.0,5.011388712004339,0.0,3.9588011353389496,0.0,3.9588011353389496,0.0,0.0
0.1685,5.0,0.0,5.011329759382804,0.0,3.948577719756791,0.0,3.948577719756791,0.0,0.0
0.169,5.0,0.0,5.011270840470413,0.0,3.9384126492905516,0.0,3.9384126492905516,0.0,0.0
0.1695,5.0,0.0,5.011211969646876,0.0,3.9283056028387,0.0,3.9283056028387,0.0,0.0
0.17,5.0,0.0,5.011153160511667,0.0,3.918256260496287,0.0,3.918256260496287,0.0,0.0
0.1705,5.0,0.0,5.0110944259218995,0.0,3.9082643035773925,0.0,3.9082643035773925,0.0,0.0
0.171,5.0,0.0,5.0110357780284165,0.0,3.898329414639639,0.0,3.898329414639639,0.0,0.0
0.1715,5.0,0.0,5.01097722831011,0.0,3.8884512775028144,0.0,3.8884512775028144,0.0,0.0
0.17200000000000001,5.0,0.0,5.01091878760662,0.0,3.8786295772697246,0.0,3.8786295772697246,0.0,0.0
0.17250000000000001,5.0,0.0,5.0108604661494525,0.0,3.868864000343997,0.0,3.868864000343997,0.0,0.0
0.17300000000000001,5.0,0.0,5.010802273591617,0.0,3.859154234446639,0.0,3.859154234446639,0.0,0.0
0.17350000000000002,5.0,0.0,5.010744219035802,0.0,3.849499968631296,0.0,3.849499968631296,0.0,0.0
0.17400000000000002,5.0,0.0,5.010686311061302,0.0,3.839900893299337,0.0,3.839900893299337,0.0,0.0
0.17450000000000002,5.0,0.0,5.010628557749491,0.0,3.830356700211488,0.0,3.830356700211488,0.0,0.0
0.17500000000000002,5.0,0.0,5.010570966708211,0.0,3.8208670825022772,0.0,3.8208670825022772,0.0,0.0
0.17550000000000002,5.0,0.0,5.010513545094961,0.0,3.8114317346883366,0.0,3.8114317346883366,0.0,0.0
0.17600000000000002,5.0,0.0,5.010456299638919,0.0,3.8020503526808564,0.0,3.8020503526808564,0.0,0.0
0.17650000000000002,5.0,0.0,5.010399236661949,0.0,3.7927226337928728,0.0,3.7927226337928728,0.0,0.0
0.17700000000000002,5.0,0.0,5.010342362098584,0.0,3.783448276749243,0.0,3.783448276749243,0.0,0.0
0.17750000000000002,5.0,0.0,5.01028568151507,0.0,3.774226981692532,0.0,3.774226981692532,0.0,0.0
0.17800000000000002,5.0,0.0,5.010229200127508,0.0,3.7650584501908044,0.0,3.7650584501908044,0.0,0.0
0.17850000000000002,5.0,0.0,5.010172922819059,0.0,3.7559423852434204,0.0,3.7559423852434204,0.0,0.0
0.17900000000000002,5.0,0.0,5.010116854156333,0.0,3.746878491285356,0.0,3.746878491285356,0.0,0.0
0.17950000000000002,5.0,0.0,5.010060998405114,0.0,3.737866474192958,0.0,3.737866474192958,0.0,0.0
0.18000000000000002,5.0,0.0,5.010005359545164,0.0,3.728906041286664,0.0,3.728906041286664,0.0,0.0
0.18050000000000002,5.0,0.0,5.009949941284432,0.0,3.7199969013361107,0.0,3.7199969013361107,0.0,0.0
0.18100000000000002,5.0,0.0,5.009894747072461,0.0,3.7111387645602587,0.0,3.7111387645602587,0.0,0.0
0.18150000000000002,5.0,0.0,5.009839780113305,0.0,3.7023313426314477,0.0,3.7023313426314477,0.0,0.0
0.182,5.0,0.0,5.0097850433776925,0.0,3.6935743486774366,0.0,3.6935743486774366,0.0,0.0
0.1825,5.0,0.0,5.009730539614683,0.0,3.6848674972808944,0.0,3.6848674972808944,0.0,0.0
0.183,5.0,0.0,5.009676271362749,0.0,3.6762105044811104,0.0,3.6762105044811104,0.0,0.0
0.1835,5.0,0.0,5.009622240960273,0.0,3.6676030877742765,0.0,3.6676030877742765,0.0,0.0
0.184,5.0,0.0,5.009568450555613,0.0,3.659044966112438,0.0,3.659044966112438,0.0,0.0
0.1845,5.0,0.0,5.00951490211658,0.0,3.650535859905615,0.0,3.650535859905615,0.0,0.0
0.185,5.0,0.0,5.009461597439663,0.0,3.6420754910171347,0.0,3.6420754910171347,0.0,0.0
0.1855,5.0,0.0,5.009408538158517,0.0,3.6336635827650934,0.0,3.6336635827650934,0.0,0.0
0.186,5.0,0.0,5.009355725752329,0.0,3.625299859920217,0.0,3.625299859920217,0.0,0.0
0.1865,5.0,0.0,5.009303161553582,0.0,3.6169840487028635,0.0,3.6169840487028635,0.0,0.0
0.187,5.0,0.0,5.009250846755513,0.0,3.608715876781827,0.0,3.608715876781827,0.0,0.0
0.1875,5.0,0.0,5.009198782419254,0.0,3.6004950732728638,0.0,3.6004950732728638,0.0,0.0
0.188,5.0,0.0,5.00914696948056,0.0,3.5923213687330633,0.0,3.5923213687330633,0.0,0.0
0.1885,5.0,0.0,5.009095408756211,0.0,3.5841944951610465,0.0,3.5841944951610465,0.0,0.0
0.189,5.0,0.0,5.0090441009502396,0.0,3.5761141859914494,0.0,3.5761141859914494,0.0,0.0
0.1895,5.0,0.0,5.0089930466596,0.0,3.5680801760921783,0.0,3.5680801760921783,0.0,0.0
0.19,5.0,0.0,5.008942246379844,0.0,3.56009220176138,0.0,3.56009220176138,0.0,0.0
0.1905,5.0,0.0,5.0088917005103015,0.0,3.5521500007228197,0.0,3.5521500007228197,0.0,0.0
0.191,5.0,0.0,5.008841409359195,0.0,3.5442533121218034,0.0,3.5442533121218034,0.0,0.0
0.1915,5.0,0.0,5.00879137314835,0.0,3.536401876521717,0.0,3.536401876521717,0.0,0.0
0.192,5.0,0.0,5.008741592017747,0.0,3.5285954358995584,0.0,3.5285954358995584,0.0,0.0
0.1925,5.0,0.0,5.00869206602986,0.0,3.520833733639681,0.0,3.520833733639681,0.0,0.0
0.193,5.0,0.0,5.0086427951738,0.0,3.513116514531214,0.0,3.513116514531214,0.0,0.0
0.1935,5.0,0.0,5.008593779369172,0.0,3.5054435247628857,0.0,3.5054435247628857,0.0,0.0
0.194,5.0,0.0,5.008545018469847,0.0,3.497814511916974,0.0,3.497814511916974,0.0,0.0
0.1945,5.0,0.0,5.008496512267495,0.0,3.4902292249653675,0.0,3.4902292249653675,0.0,0.0
0.195,5.0,0.0,5.008448260494999,0.0,3.482687414263871,0.0,3.482687414263871,0.0,0.0
0.1955,5.0,0.0,5.008400262829599,0.0,3.4751888315469843,0.0,3.4751888315469843,0.0,0.0
0.196,5.0,0.0,5.008352518895995,0.0,3.46773322992225,0.0,3.46773322992225,0.0,0.0
0.1965,5.0,0.0,5.008305028269217,0.0,3.460320363865751,0.0,3.460320363865751,0.0,0.0
0.197,5.0,0.0,5.0082577904773995,0.0,3.4529499892154982,0.0,3.4529499892154982,0.0,0.0
0.1975,5.0,0.0,5.008210805004479,0.0,3.4456218631659876,0.0,3.4456218631659876,0.0,0.0
0.198,5.0,0.0,5.008164071292594,0.0,3.438335744263358,0.0,3.438335744263358,0.0,0.0
0.1985,5.0,0.0,5.008117588744523,0.0,3.4310913923987094,0.0,3.4310913923987094,0.0,0.0
0.199,5.0,0.0,5.008071356725943,0.0,3.423888568802493,0.0,3.423888568802493,0.0,0.0
0.1995,5.0,0.0,5.00802537456757,0.0,3.416727036038348,0.0,3.416727036038348,0.0,0.0
0.2,5.0,12.0,5.007979671939094,5.993240642750172,3.4096065579988375,240.0,3.4096065579988375,240.0,0.09905640342963944
0.2005,5.0,12.0,5.00797564490095,11.619667458340706,3.4020778336991566,20.76263353594511,3.4020778336991566,20.76263353594511,1.7623868023681366
0.201,5.0,12.0,5.008125757157459,11.788587071429461,3.3918084544336145,14.543619401668042,3.3918084544336145,14.543619401668042,3.679365232941071
0.2015,5.0,12.0,5.008442847870674,11.80115719863814,3.378060868143411,14.411932810259765,3.378060868143411,14.411932810259765,5.59386192958376
0.202,5.0,12.0,5.008917649130764,11.808899963012308,3.3608426718213593,14.45364538400111,3.3608426718213593,14.45364538400111,7.498334285523755
0.2025,5.0,12.0,5.009541377119597,11.816164160815003,3.3401722575135198,14.49973366264263,3.3401722575135198,14.49973366264263,9.392350875651267
0.203,5.0,12.0,5.0103056845593805,11.823091746855841,3.3160671122704874,14.54535559591595,3.3160671122704874,14.54535559591595,11.275671968871755
0.20350000000000001,5.0,12.0,5.011202552862442,11.829703745530669,3.2885463901966396,14.590357649558818,3.2885463901966396,14.590357649558818,13.148051336038558
0.20400000000000001,5.0,12.0,5.01222426612731,11.836017053279852,3.2576312010082034,14.634716710775127,3.2576312010082034,14.634716710775127,15.009230670761378
0.20450000000000002,5.0,12.0,5.013363392509424,11.842047804870074,3.223344684684057,14.678409929947545,3.223344684684057,14.678409929947545,16.858939546541883
0.20500000000000002,5.0,12.0,5.014612766698808,11.847811496158347,3.1857120769454106,14.72141111344516,3.1857120769454106,14.72141111344516,18.69689554964148
0.20550000000000002,5.0,12.0,5.015965473139611,11.853323012648776,3.1447607772428157,14.76369073673613,3.1447607772428157,14.76369073673613,20.522804433936784
0.20600000000000002,5.0,12.0,5.017414829963194,11.858596653913521,3.1005204193621534,14.805216064703172,3.1005204193621534,14.805216064703172,22.33636029323245
0.20650000000000002,5.0,12.0,5.018954373621744,11.863646156515948,3.053022944207018,14.845951278933995,3.053022944207018,14.845951278933995,24.137245750796833
0.20700000000000002,5.0,12.0,5.0205778442120135,11.868484715572272,3.0023026742655206,14.885857609286791,3.0023026742655206,14.885857609286791,25.925132166025552
0.20750000000000002,5.0,12.0,5.022279171479191,11.87312500501435,2.9483963892728524,14.924893469803894,2.9483963892728524,14.924893469803894,27.699679858154422
0.20800000000000002,5.0,12.0,5.024052461492,11.877579196612182,2.8913434025711617,14.963014599103758,2.8913434025711617,14.963014599103758,29.460538346952656
0.20850000000000002,5.0,12.0,5.0258919839809755,11.881858977812575,2.831185637651635,15.000174205370772,2.831185637651635,15.000174205370772,31.207346610332248
0.20900000000000002,5.0,12.0,5.027792160332516,11.885975568448735,2.767967704372822,15.036323116035376,2.767967704372822,15.036323116035376,32.93973335881127
0.20950000000000002,5.0,12.0,5.029747552232102,11.889939736373947,2.7017369743286537,15.071409932217414,2.7017369743286537,15.071409932217414,34.657317326766595
0.21000000000000002,5.0,12.0,5.031752850950515,11.893761812071089,2.6325436548390755,15.105381187981973,2.6325436548390755,15.105381187981973,36.35970758040628
0.21050000000000002,5.0,12.0,5.03380286726778,11.897451702288564,2.5604408610305502,15.138181514426208,2.5604408610305502,15.138181514426208,38.04650384238312
0.21100000000000002,5.0,12.0,5.035892522029624,11.901018902751893,2.4854846854704893,15.169753808593084,2.4854846854704893,15.169753808593084,39.7172968329586
0.21150000000000002,5.0,12.0,5.038016837331918,11.904472509999373,2.407734264819333,15.200039407174776,2.407734264819333,15.200039407174776,41.37166862761195
0.21200000000000002,5.0,12.0,5.040170928328653,11.907821232389415,2.3272518429499938,15.228978264941162,2.3272518429499938,15.228978264941162,43.00919303097037
0.21250000000000002,5.0,12.0,5.042349995659561,11.91107340032608,2.244102830003391,15.25650913779501,2.244102830003391,15.25650913779501,44.62943596691607
0.21300000000000002,5.0,12.0,5.044549318492812,11.914236975749073,2.15835585683851,15.282569770321306,2.15835585683851,15.282569770321306,46.23195588470212
0.21350000000000002,5.0,12.0,5.0467642481793975,11.91731956093354,2.0700828243343885,15.307097087667149,2.0700828243343885,15.307097087667149,47.81630418088269
0.21400000000000002,5.0,12.0,5.048990202514571,11.920328406644533,1.9793589470274808,15.33002739155348,1.9793589470274808,15.33002739155348,49.38202563683512
0.21450000000000002,5.0,12.0,5.05122266060212,11.923270419690883,1.8862627905459568,15.351296560178618,1.8862627905459568,15.351296560178618,50.92865887162005
0.215,5.0,12.0,5.053457158316866,11.92615216992223,1.7908763023435328,15.370840251746994,1.7908763023435328,15.370840251746994,52.455736809893075
0.2155,5.0,12.0,5.0556892843603904,11.928979896713239,1.6932848352254264,15.388594111309695,1.6932848352254264,15.388594111309695,53.96278716454645
0.216,5.0,12.0,5.057914676904107,11.931759514977989,1.5935771631810403,15.404493980576126,1.5935771631810403,15.404493980576126,55.44933293372249
0.2165,5.0,12.0,5.060129020813662,11.934496620758,1.4918454890627897,15.418476110310245,1.4918454890627897,15.418476110310245,56.914892911802355
0.217,5.0,12.0,5.062328045447639,11.93719649642614,1.3881854436578773,15.43047737489694,1.3881854436578773,15.43047737489694,58.35898221393366
0.2175,5.0,12.0,5.064507523022808,11.93986411554903,1.2826960757330135,15.440435488621741,1.2826960757330135,15.440435488621741,59.78111281361988
0.218,5.0,12.0,5.066663267536973,11.942504147449952,1.1754798326548246,15.448289223174616,1.1754798326548246,15.448289223174616,61.180794092852445
0.2185,5.0,12.0,5.068791134239936,11.94512096151354,1.0666425312166177,15.453978625855479,1.0666425312166177,15.453978625855479,62.55753340422332
0.219,5.0,12.0,5.070887019641425,11.947718631273707,0.9562933183333908,15.457445237922174,0.9562933183333908,15.457445237922174,63.91083664441312
0.2195,5.0,12.0,5.072946862043832,11.950300938325265,0.8445446213041894,15.458632312496206,0.8445446213041894,15.458632312496206,65.24020883840574
0.22,5.0,12.0,5.074966642586788,11.95287137609938,0.7315120873788776,15.457485031405067,0.7315120873788776,15.457485031405067,66.54515473373658
0.2205,5.0,12.0,5.0769423867881756,11.955433153542005,0.617314512395114,15.453950720318236,0.617314512395114,15.453950720318236,67.8251794040386
0.221,5.0,12.0,5.078870166566006,11.957989198734335,0.5020737583154,15.447979061507592,0.5020737583154,15.447979061507592,69.07978886110598
0.2215,5.0,12.0,5.080746102723027,11.960542162492832,0.3859146595166383,15.439522303535655,0.3859146595166383,15.439522303535655,70.30849067465384
0.222,5.0,12.0,5.082566367875233,11.963094421985744,0.2689649177458606,15.428535467160675,0.2689649177458606,15.428535467160675,71.5107945989098
0.2225,5.0,12.0,5.08432718980349,11.965648084401943,0.15135498570247918,15.414976546737021,0.15135498570247918,15.414976546737021,72.68621320513324
0.223,5.0,12.0,5.086024855205819,11.968204990706928,0.033217939252270234,15.398806706350399,0.033217939252270234,15.398806706350399,73.83426251911882
0.2235,5.0,12.0,5.087655713826915,11.970766719518968,-0.08531066165240775,15.37999046996103,-0.08531066165240775,15.37999046996103,74.95446266270329
0.224,5.0,12.0,5.089216182938965,11.973334591137583,-0.20409292324031147,15.358495904774603,-0.20409292324031147,15.358495904774603,76.04633849825963
0.2245,5.0,12.0,5.090702752147327,11.975909671754813,-0.322988779190855,15.334294797099751,-0.322988779190855,15.334294797099751,77.10942027512858
0.225,5.0,12.0,5.092111988492403,11.97849277787756,-0.4418561626823623,15.307362819921185,-0.4418561626823623,15.307362819921185,78.14324427690775
0.2255,5.0,12.0,5.09344054181782,11.981084480988326,-0.5605511889244736,15.277679691450796,-0.5605511889244736,15.277679691450796,79.14735346848965
0.226,5.0,12.0,5.094685150373575,11.983685112468866,-0.6789283478313388,15.245229323913902,-0.6789283478313388,15.245229323913902,80.12129814171539
0.2265,5.0,12.0,5.09584264662193,11.986294768809747,-0.7968407064311771,15.209999961845824,-0.7968407064311771,15.209999961845824,81.06463655848852
0.227,5.0,12.0,5.0969099632116155,11.98891331712635,-0.9141401205494089,15.171984309201985,-0.9141401205494089,15.171984309201985,81.97693559017509
0.2275,5.0,12.0,5.0978841390861565,11.991540400999552,-1.0306774552516944,15.131179644601659,-1.0306774552516944,15.131179644601659,82.85777135210148
0.228,5.0,12.0,5.098762325689856,11.994175446656758,-1.1463028134726296,15.087587924062028,-1.1463028134726296,15.087587924062028,83.70672983194898
0.2285,5.0,12.0,5.09954179323504,11.996817669506918,-1.2608657722040606,15.041215870607559,-1.2608657722040606,15.041215870607559,84.52340751083909
0.229,5.0,12.0,5.100219936993078,11.999466081039264,-1.37421562557281,14.992075050182043,-1.37421562557281,14.992075050182043,85.30741197589838
0.2295,5.0,12.0,5.100794283571178,12.002119496094668,-1.486201634077033,14.940181933337051,-1.486201634077033,14.940181933337051,86.05836252309393
0.23,5.0,12.0,5.101262497136696,12.004776540513705,-1.5966732792129066,14.885557942208631,-1.5966732792129066,14.885557942208631,86.77589074913577
0.2305,5.0,12.0,5.1016223855505585,12.007435659163919,-1.7054805226845242,14.828229482359486,-1.7054805226845242,14.828229482359486,87.45964113125265
0.231,5.0,12.0,5.101871906371236,12.010095124345606,-1.8124740693353205,14.768227959101443,-1.8124740693353205,14.768227959101443,88.10927159366159
0.2315,5.0,12.0,5.102009172691185,12.01275304457203,-1.917505632929708,14.70558977799589,-1.917505632929708,14.70558977799589,88.72445405957143
0.232,5.0,12.0,5.102032458767983,12.015407373717538,-2.0204282038536836,14.640356329267593,-2.0204282038536836,14.640356329267593,89.30487498758328
0.2325,5.0,12.0,5.101940205412898,12.018055920524041,-2.1210963178053093,14.572573955946318,-2.1210963178053093,14.572573955946318,89.85023589137975
0.233,5.0,12.0,5.101731025100876,12.020696358452824,-2.219366324501822,14.502293905621356,-2.219366324501822,14.502293905621356,90.36025384162679
0.2335,5.0,12.0,5.101403706766571,12.023326235866685,-2.315096655435149,14.42957226575017,-2.315096655435149,14.42957226575017,90.83466194904966
0.234,5.0,12.0,5.100957220252714,12.025942986523564,-2.408148089680159,14.354469882549537,-2.408148089680159,14.354469882549537,91.27320982768576
0.23450000000000001,5.0,12.0,5.100390720378462,12.028543940360995,-2.4983840167633904,14.277052263559316,-2.4983840167633904,14.277052263559316,91.67566403736238
0.23500000000000001,5.0,12.0,5.099703550596931,12.031126334547563,-2.5856706956048945,14.197389464047369,-2.5856706956048945,14.197389464047369,92.04180850449802
0.23550000000000001,5.0,12.0,5.0988952462135995,12.033687324774917,-2.6698775085406985,14.115555957496893,-2.6698775085406985,14.115555957496893,92.3714449203792
0.23600000000000002,5.0,12.0,5.097965537138598,12.036223996761887,-2.7508772094580807,14.031630490496566,-2.7508772094580807,14.031630490496566,92.66439311612145
0.23650000000000002,5.0,12.0,5.096914350149001,12.038733377940083,-2.8285461650865056,13.945695922414192,-2.8285461650865056,13.945695922414192,92.92049141358555
0.23700000000000002,5.0,12.0,5.095741810639112,12.041212449287391,-2.902764588516497,13.857839050322177,-2.902764588516497,13.857839050322177,93.13959695158263
0.23750000000000002,5.0,12.0,5.094448243839772,12.043658157275653,-2.973416764042519,13.768150419705492,-2.973416764042519,13.768150419705492,93.32158598676982
0.23800000000000002,5.0,12.0,5.093034175490325,12.046067425894954,-3.0403912624672826,13.676724121547196,-3.0403912624672826,13.676724121547196,93.46635416870758
0.23850000000000002,5.0,12.0,5.0915003319497005,12.048437168717644,-3.103581146041791,13.583657576459967,-3.103581146041791,13.583657576459967,93.57381678862167
0.23900000000000002,5.0,12.0,5.089847639736421,12.050764300962614,-3.1628841622643025,13.489051306594568,-3.1628841622643025,13.489051306594568,93.64390900148744
0.23950000000000002,5.0,12.0,5.088077224490002,12.053045751519749,-3.2182029258082117,13.393008696105206,-3.2182029258082117,13.393008696105206,93.67658602112917
0.24000000000000002,5.0,12.0,5.086190409349912,12.055278474894179,-3.2694450879085353,13.295635741022195,-3.2694450879085353,13.295635741022195,93.67182328810476
0.24050000000000002,5.0,12.0,5.084188712750886,12.057459463028723,-3.316523492591286,13.197040789412316,-3.316523492591286,13.197040789412316,93.62961661022418
0.24100000000000002,5.0,12.0,5.082073845637141,12.05958575696378,-3.3593563191988176,13.097334272782485,-3.3593563191988176,13.097334272782485,93.54998227562834
0.24150000000000002,5.0,12.0,5.079847708101091,12.061654458292638,-3.397867210726235,12.996628429687913,-3.397867210726235,12.996628429687913,93.4329571384342
0.24200000000000002,5.0,12.0,5.077512385455244,12.063662740371965,-3.4319853875539033,12.895037022576282,-3.4319853875539033,12.895037022576282,93.27859867703022
0.24250000000000002,5.0,12.0,5.075070143749446,12.065607859246493,-3.461645746236601,12.792675048899634,-3.461645746236601,12.792675048899634,93.08698502518483
0.24300000000000002,5.0,12.0,5.0725234247484625,12.067487164249028,-3.4867889430793366,12.689658447579157,-3.4867889430793366,12.689658447579157,92.85821497620702
0.24350000000000002,5.0,12.0,5.069874840388083,12.069298108236701,-3.5073614623060694,12.58610380189264,-3.5073614623060694,12.58610380189264,92.59240796047453
0.24400000000000002,5.0,12.0,5.0671271667308035,12.071038257426911,-3.5233156687078444,12.482128039904351,-3.5233156687078444,12.482128039904351,92.28970399671849
0.24450000000000002,5.0,12.0,5.064283337444927,12.072705300797429,-3.534609844726994,12.37784813353771,-3.534609844726994,12.37784813353771,91.95026361752642
0.24500000000000002,5.0,12.0,5.061346436833438,12.074297059016667,-3.541208212013551,12.27338079739768,-3.541208212013551,12.27338079739768,91.57426776959343
0.24550000000000002,5.0,12.0,5.05831969244171,12.075811492872777,-3.5430809375686363,12.168842188446842,-3.5430809375686363,12.168842188446842,91.16191768931996
0.24600000000000002,5.0,12.0,5.0552064672749975,12.077246711171707,-3.540204124656893,12.064347607639801,-3.540204124656893,12.064347607639801,90.71343475441726
0.24650000000000002,5.0,12.0,5.052010251659293,12.07860097807783,-3.5325597887492326,11.960011204573183,-3.5325597887492326,11.960011204573183,90.229060312242
0.24700000000000003,5.0,12.0,5.048734654780191,12.07987271987144,-3.5201358188279652,11.855945686220657,-3.5201358188279652,11.855945686220657,89.70905548563923
0.24750000000000003,5.0,12.0,5.045383395936853,12.08106053110237,-3.5029259244445754,11.752262030777047,-3.5029259244445754,11.752262030777047,89.15370095712441
0.248,5.0,12.0,5.041960295548898,12.082163180119464,-3.480929569001062,11.649069207596984,-3.480929569001062,11.649069207596984,88.5632967322855
0.2485,5.0,12.0,5.038469265955547,12.083179613960674,-3.454151889772852,11.546473904199198,-3.454151889772852,11.546473904199198,87.93816188332903
0.249,5.0,12.0,5.034914302046984,12.08410896258931,-3.422603605256712,11.444580261239679,-3.422603605256712,11.444580261239679,87.2786342737355
0.2495,5.0,12.0,5.031299471768834,12.084950542466975,-3.3863009104791155,11.343489616333184,-3.3863009104791155,11.343489616333184,86.58507026502396
0.25,5.0,12.0,5.027628906540566,12.085703859455542,-3.345265360945464,11.243300257538436,-3.345265360945464,11.243300257538436,85.85784440665591
0.2505,5.0,12.0,5.023906791629169,12.08636861104317,-3.2995237459617672,11.14410718728184,-3.2995237459617672,11.14410718728184,85.09734911013577
0.251,5.0,12.0,5.0201373565190055,12.086944687894482,-3.249107952092882,11.046001897421526,-3.249107952092882,11.046001897421526,84.30399430838428
0.2515,5.0,12.0,5.016324865318484,12.087432174724665,-3.1940548175578583,10.949072156126665,-3.1940548175578583,10.949072156126665,83.4782071014783
0.252,5.0,12.0,5.012473607243464,12.087831350504073,-3.134405978391563,10.853401807150926,-3.134405978391563,10.853401807150926,82.62043138986078
0.2525,5.0,12.0,5.008587887216442,12.088142687998626,-3.0702077072284344,10.759070582043755,-3.0702077072284344,10.759070582043755,81.73112749613051
0.253,5.0,12.0,5.004672016619478,12.088366852657748,-3.001510745572231,10.666153925774825,-3.001510745572231,10.666153925774825,80.81077177652313
0.2535,5.0,12.0,5.0007303042374325,12.088504700862055,-2.9283701304401966,10.574722836182769,-2.9283701304401966,10.574722836182769,79.85985622319005
0.254,5.0,12.0,4.996767047426574,12.08855727754553,-2.8508450162679093,10.484843717589678,-2.8508450162679093,10.484843717589678,78.87888805837397
0.2545,5.0,12.0,4.9927865235419,12.088525813210603,-2.7689984929685636,10.396578248877717,-2.7689984929685636,10.396578248877717,77.86838932156677
0.255,5.0,12.0,4.988792981654549,12.088411720355474,-2.682897401031078,10.309983266240817,-2.682897401031078,10.309983266240817,76.82889645071728
0.2555,5.0,12.0,4.98479063458879,12.088216589335659,-2.592612144539847,10.225110660792927,-2.592612144539847,10.225110660792927,75.76095985853564
0.256,5.0,12.0,4.980783651305594,12.087942183683602,-2.498216502977467,10.142007291109762,-2.498216502977467,10.142007291109762,74.66514350491354
0.2565,5.0,12.0,4.976776149657786,12.087590434911295,-2.3997874426616193,10.060714910776706,-2.3997874426616193,10.060714910776706,73.54202446645134
0.257,5.0,12.0,4.972772189539036,12.087163436823802,-2.2974049286362743,9.981270110914398,-2.2974049286362743,9.981270110914398,72.39219250404814
0.2575,5.0,12.0,4.9687757664467975,12.0866634393706,-2.1911517378186516,9.903704277633185,-2.1911517378186516,9.903704277633185,71.21624962947465
0.258,5.0,12.0,4.964790805476238,12.086092842065765,-2.0811132741645215,9.828043564284037,-2.0811132741645215,9.828043564284037,70.01480967180828
0.2585,5.0,12.0,4.960821155760116,12.085454187004837,-1.967377386585834,9.754308878363723,-1.967377386585834,9.754308878363723,68.78849784456645
0.259,5.0,12.0,4.956870585366402,12.084750151512553,-1.8500341903144313,9.682515882847014,-1.8500341903144313,9.682515882847014,67.5379503143287
0.2595,5.0,12.0,4.952942776663126,12.08398354044995,-1.7291758923639504,9.61267501171233,-1.7291758923639504,9.61267501171233,66.26381377158935
0.26,5.0,12.0,4.949041322157011,12.083157278214655,-1.604896621699968,9.544791499350922,-1.604896621699968,9.544791499350922,64.96674500453284
0.2605,5.0,12.0,4.945169720809941,12.082274400465879,-1.4772922646800635,9.478865423560048,-1.4772922646800635,9.478865423560048,63.647410476370794
0.261,5.0,12.0,4.94133137483461,12.081338045605765,-1.346460306282002,9.414891761725038,-1.346460306282002,9.414891761725038,62.30648590682681
0.2615,5.0,12.0,4.937529586968186,12.080351446050008,-1.2124996775828603,9.352860459844358,-1.2124996775828603,9.352860459844358,60.9446558582995
0.262,5.0,12.0,4.933767558220264,12.079317919318157,-1.0755106099049438,9.292756513945989,-1.0755106099049438,9.292756513945989,59.562613327178575
0.2625,5.0,12.0,4.930048386088939,12.078240858975844,-0.9355944959911002,9.234560063476131,-0.9355944959911002,9.234560063476131,58.16105934073186
0.263,5.0,12.0,4.926375063236652,12.077123725458488,-0.792853758518548,9.178246496199009,-0.792853758518548,9.178246496199009,56.740702559924145
0.2635,5.0,12.0,4.922750476614879,12.075970036807288,-0.6473917262081845,9.12378656413242,-0.6473917262081845,9.12378656413242,55.302258888471776
0.264,5.0,12.0,4.91917740702506,12.074783359345702,-0.49931251773331553,9.071146510035646,-0.49931251773331553,9.071146510035646,53.846451088379276
0.2645,5.0,12.0,4.915658529100773,12.073567298324706,-0.3487209335769843,9.02028820393394,-0.3487209335769843,9.02028820393394,52.374008402148256
0.265,5.0,12.0,4.912196411694421,12.072325488564022,-0.1957223559366379,8.971169289199704,-0.1957223559366379,8.971169289199704,50.88566618179241
0.2655,5.0,12.0,4.908793518650092,12.07106158511555,-0.040422656722940875,8.923743337652,-0.040422656722940875,8.923743337652,49.38216552473761
0.266,5.0,12.0,4.905452209942337,12.069779253972705,0.1170718863539002,8.877960013164815,0.1170718863539002,8.877960013164815,47.8642529166319
0.2665,5.0,12.0,4.902174743159475,12.068482162850774,0.2766546656624387,8.83376524327777,0.2766546656624387,8.83376524327777,46.33267988103795
0.267,5.0,12.0,4.898963275308498,12.067173972059374,0.43821881159613074,8.791101398271305,0.43821881159613074,8.791101398271305,44.788202635929416
0.2675,5.0,12.0,4.895819864917574,12.06585832548925,0.6016572527359698,8.749907477211092,0.6016572527359698,8.749907477211092,43.231581756863456
0.268,5.0,12.0,4.892746474411142,12.064538841731872,0.7668627684225875,8.710119300434217,0.7668627684225875,8.710119300434217,41.66358184665447
0.2685,5.0,12.0,4.88974497273169,12.063219105352264,0.9337280339731397,8.671669707980104,0.9337280339731397,8.671669707980104,40.08497121132937
0.269,5.0,12.0,4.886817138181678,12.06190265833076,1.10214565882116,8.634488763468122,1.10214565882116,8.634488763468122,38.49652154210175
0.2695,5.0,12.0,4.883964661458391,12.060592991690545,1.2720082178909444,8.598503962912076,1.2720082178909444,8.598503962912076,36.899007603062444
0.27,5.0,12.0,4.881189148854249,12.059293537326099,1.4432082765589684,8.56364044801483,1.4432082765589684,8.56364044801483,35.293206924246036
0.2705,5.0,12.0,4.878492125594715,12.058007660045757,1.6156384095845282,8.529821223440788,1.6156384095845282,8.529821223440788,33.67989949969877
0.271,5.0,12.0,4.875875039285931,12.056738649841277,1.789191214423428,8.496967377609652,1.789191214423428,8.496967377609652,32.05986749014083
0.2715,5.0,12.0,4.873339263444168,12.055489714395984,1.9637593193671106,8.464998306546914,1.9637593193671106,8.464998306546914,30.43389492978743
0.272,5.0,12.0,4.870886101079395,12.05426397184196,2.1392353869734637,8.433831940350043,2.1392353869734637,8.433831940350043,28.802767436867434
0.2725,5.0,12.0,4.86851678830552,12.053064443776107,2.315512113278772,8.403384971817651,2.315512113278772,8.403384971817651,27.167271927355237
0.273,5.0,12.0,4.866232497950359,12.05189404854334,2.4924822232992057,8.373573086803031,2.4924822232992057,8.373573086803031,25.528196331412765
0.2735,5.0,12.0,4.864034343138879,12.050755594795504,2.670038463347445,8.344311195886377,2.670038463347445,8.344311195886377,23.886329312021843
0.274,5.0,12.0,4.861923380823944,12.049651775332277,2.848073590702192,8.315513666918427,2.848073590702192,8.315513666918427,22.242459985274735
0.2745,5.0,12.0,4.859900615239636,12.048585161231664,3.026480361180783,8.287094558045851,3.026480361180783,8.287094558045851,20.597377641781055
0.275,5.0,12.0,4.857967001253032,12.047558196275025,3.205151515171162,8.25896785078751,3.205151515171162,8.25896785078751,18.95187146864318
0.2755,5.0,12.0,4.856123447591406,12.046573191672842,3.383979762685274,8.231047682781345,3.383979762685274,8.231047682781345,17.30673027144977
0.276,5.0,12.0,4.85437081992286,12.045632321095146,3.5628577679967766,8.203248579783214,3.5628577679967766,8.203248579783214,15.662742195737337
0.2765,5.0,12.0,4.8527099437695815,12.044737616012567,3.7416781344266434,8.175485686531392,3.7416781344266434,8.175485686531392,14.020694447374156
0.277,5.0,12.0,4.851141607234282,12.04389096135086,3.920333389832242,8.14767499607974,3.920333389832242,8.14767499607974,12.38137301132797
0.2775,5.0,12.0,4.849666563521573,12.043094091463706,4.098715973354075,8.119733577203005,4.098715973354075,8.119733577203005,10.745562368289516
0.278,5.0,12.0,4.848285533237652,12.042348586427435,4.276718223959135,8.091579799476715,4.276718223959135,8.091579799476715,9.114045208637885
0.2785,5.0,12.0,4.846999206452988,12.041655868660964,4.454232371310491,8.06313355566611,4.454232371310491,8.06313355566611,7.487602143250502
0.279,5.0,12.0,4.845808244514439,12.041017199874993,4.631150529475918,8.03431648097463,4.631150529475918,8.03431648097463,5.867011410680829
0.2795,5.0,12.0,4.844713281594652,12.040433678353159,4.807364693971573,8.005052168818356,4.807364693971573,8.005052168818356,4.253048580249762
0.28,5.0,12.0,4.8437149259685075,12.039906236569216,4.9827667426136895,7.975266382679813,4.9827667426136895,7.975266382679813,2.646486250622796
0.2805,5.0,12.0,4.842813761007787,12.039435639143305,5.15724844063023,7.944887263656159,5.15724844063023,7.944887263656159,1.0480937434737612
0.281,5.0,12.0,4.84201034588732,12.039022481140378,5.330701450457681,7.913845533302545,5.330701450457681,7.913845533302545,-0.5413632081325975
0.28150000000000003,5.0,12.0,4.841305215997375,12.038667186715013,5.503017346619096,7.882074691353928,5.503017346619096,7.882074691353928,-2.1211227769729186
0.28200000000000003,5.0,12.0,4.840698883059024,12.038370008104366,5.674087636051121,7.849511207908357,5.674087636051121,7.849511207908357,-3.6904273648096857
0.28250000000000003,5.0,12.0,4.840191834940961,12.038131024974712,5.843803784212798,7.816094709675632,5.843803784212798,7.816094709675632,-5.248523931706461
0.28300000000000003,5.0,12.0,4.839784535178179,12.037950144122986,6.012057247274987,7.781768159849243,6.012057247274987,7.781768159849243,-6.794664331731677
0.28350000000000003,5.0,12.0,4.839477422194618,12.037827099537658,6.178739510653811,7.746478031197597,6.178739510653811,7.746478031197597,-8.328105655226024
0.28400000000000003,5.0,12.0,4.839270908233855,12.037761452821929,6.343742134110378,7.710174471949191,6.343742134110378,7.710174471949191,-9.848110577763956
0.28450000000000003,5.0,12.0,4.839165378003707,12.037752593981905,6.5069568036003425,7.672811464043765,6.5069568036003425,7.672811464043765,-11.353947715893733
0.28500000000000003,5.0,12.0,4.839161187042371,12.037799742583113,6.668275390016985,7.634346973332258,6.668275390016985,7.634346973332258,-12.844891989692918
0.28550000000000003,5.0,12.0,4.8392586598155685,12.037901949278266,6.827590014923521,7.594743091295337,6.827590014923521,7.594743091295337,-14.320224992127523
0.28600000000000003,5.0,12.0,4.839458087555902,12.038058097707442,6.984793123330904,7.553966167867302,6.984793123330904,7.553966167867302,-15.77923536515342
0.28650000000000003,5.0,12.0,4.839759725857334,12.03826690677434,7.139777563530351,7.511986934958271,7.139777563530351,7.511986934958271,-17.22121918244807
0.28700000000000003,5.0,12.0,4.84016379203939,12.03852693329916,7.292436673943737,7.468780620238123,7.292436673943737,7.468780620238123,-18.645480338609737
0.28750000000000003,5.0,12.0,4.840670462297111,12.038836575049448,7.442664376907988,7.424327050819429,7.442664376907988,7.424327050819429,-20.05133094461001
0.28800000000000003,5.0,12.0,4.841279868654709,12.03919407415003,7.590355279265393,7.378610746401824,7.590355279265393,7.378610746401824,-21.438091729234053
0.28850000000000003,5.0,12.0,4.841992095741823,12.039597520870853,7.735404779581636,7.331621001548346,7.735404779581636,7.331621001548346,-22.805092446191747
0.28900000000000003,5.0,12.0,4.842807177413147,12.040044857793596,7.877709181768376,7.2833519566821785,7.877709181768376,7.2833519566821785,-24.15167228653219
0.28950000000000004,5.0,12.0,4.843725093233045,12.040533884353652,8.017165814841997,7.233802657479199,8.017165814841997,7.233802657479199,-25.477180295943516
0.29000000000000004,5.0,12.0,4.844745764848283,12.041062261756135,8.153673158501794,7.182977102325543,8.153673158501794,7.182977102325543,-26.78097579647099
0.29050000000000004,5.0,12.0,4.845869052272903,12.04162751826229,8.287130974169383,7.130884277520979,8.287130974169383,7.130884277520979,-28.062428812137842
0.29100000000000004,5.0,12.0,4.847094750110258,12.042227054841298,8.417440441084878,7.077538179946371,8.417440441084878,7.077538179946371,-29.320920497906524
0.29150000000000004,5.0,12.0,4.848422583738075,12.042858151182296,8.544504297015429,7.022957826948094,8.544504297015429,7.022957826948094,-30.555843571373067
0.29200000000000004,5.0,12.0,4.849852205483091,12.043517972059727,8.66822698309115,6.967167253187396,8.66822698309115,6.967167253187396,-31.766602746543278
0.29250000000000004,5.0,12.0,4.851383190812308,12.044203574043182,8.788514792244095,6.910195494280849,8.788514792244095,6.910195494280849,-32.95261516899874
0.29300000000000004,5.0,12.0,4.853015034568538,12.044911912543574,8.905276020692822,6.852076557057927,8.905276020692822,6.852076557057927,-34.11331085172117
0.29350000000000004,5.0,12.0,4.8547471472778,12.045639849183363,9.018421121878452,6.792849376303058,9.018421121878452,6.792849376303058,-35.24813311080731
0.29400000000000004,5.0,12.0,4.856578851556637,12.046384159479473,9.127862862230444,6.732557757908644,9.127862862230444,6.732557757908644,-36.356539000272825
0.29450000000000004,5.0,12.0,4.858509378647052,12.047141540824983,9.23351647811062,6.6712503083804275,9.23351647811062,6.6712503083804275,-37.43799974511253
0.29500000000000004,5.0,12.0,4.860537865106736,12.047908620753903,9.335299833264619,6.608980350699477,9.335299833264619,6.608980350699477,-38.49200117175704
0.29550000000000004,5.0,12.0,4.8626633496817275,12.048681965473005,9.433133576080342,6.545805826580311,9.433133576080342,6.545805826580311,-39.51804413504092
0.29600000000000004,5.0,12.0,4.864884770388195,12.04945808864177,9.526941295947262,6.481789185211565,9.526941295947262,6.481789185211565,-40.515644940776994
0.29650000000000004,5.0,12.0,4.867200961829295,12.050233460380838,9.616649677987791,6.4169972586213095,9.616649677987791,6.4169972586213095,-41.484335763013696
0.29700000000000004,5.0,12.0,4.869610652772021,12.05100451648824,9.702188655431641,6.351501123842279,9.702188655431641,6.351501123842279,-42.4236650550391
0.2975,5.0,12.0,4.872112464008108,12.05176766783971,9.783491558888883,6.285375952129951,9.783491558888883,6.285375952129951,-43.333197953185135
0.298,5.0,12.0,4.8747049065216705,12.0525193099498,9.860495261791378,6.218700845500928,9.860495261791378,6.218700845500928,-44.21251667248001
0.2985,5.0,12.0,4.877386379985008,12.053255832668084,9.933140321259188,6.151558660949273,9.933140321259188,6.151558660949273,-45.06122089319494
0.299,5.0,12.0,4.880155171602179,12.05397362998312,10.001371113674024,6.084035822707289,10.001371113674024,6.084035822707289,-45.87892813733375
0.2995,5.0,12.0,4.8830094553187315,12.054669109907191,10.065135964242241,6.016222123019716,10.065135964242241,6.016222123019716,-46.66527413411976
0.3,5.0,12.0,4.885947291413636,12.055338704412167,10.12438726985348,5.9482105118826,10.12438726985348,5.9482105118826,-47.419913173545865
0.3005,5.0,12.0,4.888966626487915,12.05597887938638,10.179081614559916,5.880096876329043,10.179081614559916,5.880096876329043,-48.14251844706753
0.301,5.0,12.0,4.892065293862132,12.056586144581914,10.229179877032653,5.811979809809744,10.229179877032653,5.811979809809744,-48.83278237453762
0.3015,5.0,12.0,4.895241014392871,12.057157063520767,10.274647329374998,5.743960372326013,10.274647329374998,5.743960372326013,-49.49041691650451
0.302,5.0,12.0,4.898491397715852,12.057688263327007,10.315453726710944,5.676141841979679,10.315453726710944,5.676141841979679,-50.11515387102168
0.3025,5.0,12.0,4.901813943921308,12.058176444453093,10.351573387009283,5.608629458661365,10.351573387009283,5.608629458661365,-50.70674515414776
0.303,5.0,12.0,4.905206045664438,12.058618390267165,10.382985260636577,5.541530160626611,10.382985260636577,5.541530160626611,-51.264963063349796
0.3035,5.0,12.0,4.908664990711554,12.059010976467595,10.409672989189872,5.474952314766559,10.409672989189872,5.474952314766559,-51.78960052306078
0.304,5.0,12.0,4.9121879649197036,12.059351180292976,10.431624953199812,5.40900544138002,10.431624953199812,5.40900544138002,-52.28047131168333
0.3045,5.0,12.0,4.91577205564558,12.059636089493853,10.448834308350886,5.343799934314659,10.448834308350886,5.343799934314659,-52.73741026937615
0.305,5.0,12.0,4.919414255576226,12.059862911034525,10.461299009922193,5.279446777349021,10.461299009922193,5.279446777349021,-53.16027348600709
0.3055,5.0,12.0,4.923111466972084,12.060028979492852,10.469021825203543,5.216057257707941,10.469021825203543,5.216057257707941,-53.54893846870694
0.306,5.0,12.0,4.92686050631044,12.060131765127068,10.472010333707328,5.1537426776452655,10.472010333707328,5.1537426776452655,-53.903304288510675
0.3065,5.0,12.0,4.930658109314326,12.060168881580292,10.470276915053683,5.092614065008469,10.470276915053683,5.092614065008469,-54.22329170562812
0.307,5.0,12.0,4.93450093635033,12.060138093193176,10.463838724464347,5.032781883720678,10.463838724464347,5.032781883720678,-54.508843272942784
0.3075,5.0,12.0,4.938385578175811,12.060037321897752,10.452717655876015,4.974355745133131,10.452717655876015,4.974355745133131,-54.7599234173962
0.308,5.0,12.0,4.942308562014322,12.059864653666391,10.436940292730576,4.917444121168694,10.436940292730576,4.917444121168694,-54.97651849897557
0.3085,5.0,12.0,4.94626635793558,12.059618344491073,10.416537846570677,4.862154060208596,10.416537846570677,4.862154060208596,-55.15863684708341
0.309,5.0,12.0,4.950255385514624,12.059296825871595,10.391546083637927,4.808590906623343,10.391546083637927,4.808590906623343,-55.30630877412993
0.3095,5.0,12.0,4.954272020743269,12.058898709790736,10.362005239717908,4.756858024871662,10.362005239717908,4.756858024871662,-55.41958656625172
0.31,5.0,12.0,4.958312603164358,12.05842279315891,10.327959923544583,4.7070565290449204,10.327959923544583,4.7070565290449204,-55.49854445112229
0.3105,5.0,12.0,4.962373443199193,12.05786806171158,10.289459009139444,4.65928501871997,10.289459009139444,4.65928501871997,-55.54327854288325
0.311,5.0,12.0,4.96645082963609,12.057233693345058,10.246555517505522,4.613639321959188,10.246555517505522,4.613639321959188,-55.5539067642863
0.3115,5.0,12.0,4.970541037248004,12.056519060879962,10.19930648815632,4.57021224625732,10.19930648815632,4.57021224625732,-55.53056874619803
0.312,5.0,12.0,4.974640334504888,12.055723734242095,10.147772841017918,4.529093338192343,10.147772841017918,4.529093338192343,-55.47342570467902
0.3125,5.0,12.0,4.978744991347396,12.054847482054337,10.092019229271232,4.490368652517172,10.092019229271232,4.490368652517172,-55.38266029590821
0.313,5.0,12.0,4.982851286986615,12.053890272635677,10.032113883766119,4.454120531377025,10.032113883766119,4.454120531377025,-55.258476449279726
0.3135,5.0,12.0,4.986955517695695,12.052852274405232,9.968128449663999,4.4204273942678745,9.968128449663999,4.4204273942678745,-55.101099179055495
0.314,5.0,12.0,4.99105400455752,12.05173385569255,9.900137816013796,4.389363539348745,9.900137816013796,4.389363539348745,-54.91077437500906
0.3145,5.0,12.0,4.995143101134445,12.050535583957162,9.828219938983361,4.360998956625169,9.828219938983361,4.360998956625169,-54.687768572546894
0.315,5.0,12.0,4.999219201025348,12.049258224423646,9.752455659521159,4.335399153496059,9.752455659521159,4.335399153496059,-54.432368702841
0.3155,5.0,12.0,5.003278745276379,12.047902738140724,9.672928516209893,4.312624993098567,9.672928516209893,4.312624993098567,-54.14488182355198
0.316,5.0,12.0,5.007318229612486,12.046470279474658,9.589724554130646,4.292732545802801,9.589724554130646,4.292732545802801,-53.82563483076295
0.3165,5.0,12.0,5.011334211457706,12.0449621930504,9.502932130543055,4.275772954192337,9.502932130543055,4.275772954192337,-53.47497415278355
0.317,5.0,12.0,5.01532331671372,12.043380010155794,9.41264171820579,4.261792311784849,9.41264171820579,4.261792311784849,-53.093265426518386
0.3175,5.0,12.0,5.019282246266862,12.041725444626044,9.31894570716619,4.25083155568322,9.31894570716619,4.25083155568322,-52.680893157125716
0.318,5.0,12.0,5.023207782196423,12.040000388227938,9.221938205849117,4.2429263733161005,9.221938205849117,4.2429263733161005,-52.23826036172052
0.3185,5.0,12.0,5.027096793657622,12.038206905565197,9.12171484225831,4.238107123345934,9.12171484225831,4.238107123345934,-51.76578819789969
0.319,5.0,12.0,5.030946242415006,12.036347228527196,9.018372566115369,4.236398770781127,9.018372566115369,4.236398770781127,-51.26391557788841
0.3195,5.0,12.0,5.034753188004528,12.034423750307008,8.912009452721389,4.237820836268757,8.912009452721389,4.237820836268757,-50.73309876912262
0.32,5.0,12.0,5.038514792503316,12.032439019012676,8.802724509328428,4.242387359493039,8.802724509328428,4.242387359493039,-50.17381098209608
0.3205,5.0,12.0,5.042228324889785,12.030395730900548,8.69061748477617,4.250106876553119,8.69061748477617,4.250106876553119,-49.58654194630917
0.321,5.0,12.0,5.045891164977921,12.028296723257714,8.575788683123669,4.260982411155926,8.575788683123669,4.260982411155926,-48.971797475161964
0.3215,5.0,12.0,5.049500806912493,12.026144966962987,8.458338781975064,4.275011479391447,8.458338781975064,4.275011479391447,-48.330099020635984
0.322,5.0,12.0,5.053054862214215,12.023943558756423,8.338368656167345,4.2921861078299015,8.338368656167345,4.2921861078299015,-47.66198321860669
0.3225,5.0,12.0,5.056551062366111,12.021695713246574,8.215979207450125,4.3124928646490766,8.215979207450125,4.3124928646490766,-46.96800142562358
0.323,5.0,12.0,5.059987260934948,12.01940475468724,8.091271200747315,4.335912903433806,8.091271200747315,4.335912903433806,-46.24871924798551
0.3235,5.0,12.0,5.063361435224256,12.017074108553963,7.964345107547712,4.362422019282251,7.964345107547712,4.362422019282251,-45.50471606392724
0.324,5.0,12.0,5.066671687457177,12.014707292950684,7.835300956929607,4.391990716805061,7.835300956929607,4.391990716805061,-44.736584539716944
0.3245,5.0,12.0,5.069916245490534,12.012307909877565,7.704238194678197,4.42458428959255,7.704238194678197,4.42458428959255,-43.9449301404474
0.325,5.0,12.0,5.0730934630639,12.009879636390204,7.571255550899375,4.460162910670593,7.571255550899375,4.460162910670593,-43.13037063628167
0.3255,5.0,12.0,5.0762018195885235,12.00742621567968,7.4364509165012205,4.498681733484776,7.4364509165012205,4.498681733484776,-42.293535604890806
0.326,5.0,12.0,5.079239919485253,12.004951448103066,7.2999212288404856,4.540091002894337,7.2999212288404856,4.540091002894337,-41.43506593079539
0.3265,5.0,12.0,5.082206491080632,12.00245918219227,7.161762366801786,4.584336175676024,7.161762366801786,4.584336175676024,-40.55561330229441
0.327,5.0,12.0,5.085100385073993,11.999953305669559,7.022069055517006,4.6313580500010385,7.022069055517006,4.6313580500010385,-39.65583970663521
0.3275,5.0,12.0,5.087920572589479,11.997437736494982,6.880934780877565,4.681092903349513,6.880934780877565,4.681092903349513,-38.736416924046296
0.328,5.0,12.0,5.090666142829146,11.994916413973044,6.738451713945656,4.733472638333648,6.738451713945656,4.733472638333648,-37.798026021222064
0.3285,5.0,12.0,5.093336300344676,11.992393289941148,6.594710645322789,4.788424935868326,6.594710645322789,4.788424935868326,-36.841356844813774
0.329,5.0,12.0,5.0959303619473175,11.98987232006377,6.449800929478488,4.84587341516547,6.449800929478488,4.84587341516547,-35.867107515446165
0.3295,5.0,12.0,5.098447753276864,11.987357455254289,6.303810438991256,4.905737799986831,6.303810438991256,4.905737799986831,-34.87598392274263
0.33,5.0,12.0,5.100888005051505,11.984852633244364,6.1568255286144,4.96793409064888,6.1568255286144,4.96793409064888,-33.86869922180568
0.3305,5.0,12.0,5.1032507490224255,11.982361770319779,6.008931009029504,5.032374741225495,6.008931009029504,5.032374741225495,-32.84597333156236
0.331,5.0,12.0,5.105535713657272,11.979888753241177,5.860210130095956,5.098968841441039,5.860210130095956,5.098968841441039,-31.808532435347438
0.3315,5.0,12.0,5.107742719577614,11.977437431364613,5.710744573380591,5.167622302746375,5.710744573380591,5.167622302746375,-30.75710848406053
0.332,5.0,12.0,5.109871674777066,11.975011608977539,5.56061445369443,5.238238048077091,5.56061445369443,5.238238048077091,-29.692438702196984
0.3325,5.0,12.0,5.111922569646208,11.972615037862946,5.409898329331048,5.310716204810799,5.409898329331048,5.310716204810799,-28.615265097016696
0.333,5.0,12.0,5.113895471831742,11.970251410103604,5.258673220667617,5.384954300465844,5.258673220667617,5.384954300465844,-27.526333971080028
0.3335,5.0,12.0,5.115790520957501,11.967924351136944,5.107014636745614,5.460847460676396,5.107014636745614,5.460847460676396,-26.426395438346283
0.334,5.0,12.0,5.117607923234593,11.965637413069075,4.954996609428649,5.538288609019013,4.954996609428649,5.538288609019013,-25.31620294399744
0.3345,5.0,12.0,5.119347945989076,11.963394068256667,4.802691734695699,5.617168668277072,4.802691734695699,5.617168668277072,-24.196512788118266
0.335,5.0,12.0,5.121010912134072,11.96119770316192,4.650171220609213,5.697376762729447,4.650171220609213,5.697376762729447,-23.068083653334575
0.3355,5.0,12.0,5.12259719461449,11.959051612486972,4.497504941460615,5.778800421088694,4.497504941460615,5.778800421088694,-21.93167613648273
0.336,5.0,12.0,5.124107210850989,11.95695899359107,4.344761497596318,5.861325779735346,4.344761497596318,5.861325779735346,-20.788052284357292
0.3365,5.0,12.0,5.125541417210119,11.954922941194,4.192008280382172,5.944837785875332,4.192008280382172,5.944837785875332,-19.637975133559394
0.337,5.0,12.0,5.126900303526698,11.952946442367617,4.03931154177188,6.029220400320289,4.03931154177188,6.029220400320289,-18.482208254445563
0.3375,5.0,12.0,5.1281843877038265,11.951032371816725,3.8867364679174106,6.114356799549113,3.8867364679174106,6.114356799549113,-17.321515299156612
0.338,5.0,12.0,5.129394210415082,11.949183487449368,3.734347256250501,6.2001295767726035,3.734347256250501,6.2001295767726035,-16.15665955368801
0.3385,5.0,12.0,5.1305303299331735,11.947402426236247,3.5822071954642287,6.286420941710013,3.5822071954642287,6.286420941710013,-14.988403493946985
0.339,5.0,12.0,5.1315933171070816,11.945691700358523,3.4303787478094234,6.3731129188072755,3.4303787478094234,6.3731129188072755,-13.817508345728099
0.3395,5.0,12.0,5.13258375051048,11.944053693641067,3.278923633125584,6.460087543640205,3.278923633125584,6.460087543640205,-12.644733648527652
0.34,5.0,12.0,5.1335022117811215,11.942490658270431,3.1279029140139603,6.547227057268233,3.1279029140139603,6.547227057268233,-11.470836823108204
0.3405,5.0,12.0,5.1343492811713505,11.941004711793608,2.977377081585644,6.634414098297389,2.977377081585644,6.634414098297389,-10.296572742717853
0.341,5.0,12.0,5.135125533327898,11.939597834395471,2.8274061411934666,6.721531892421778,2.8274061411934666,6.721531892421778,-9.122693307864546
0.3415,5.0,12.0,5.135831533317443,11.938271866451016,2.678049697587704,6.808464439254088,2.678049697587704,6.808464439254088,-7.949947024543809
0.342,5.0,12.0,5.136467832914167,11.937028506349208,2.5293670389323015,6.895096696209538,2.5293670389323015,6.895096696209538,-6.77907858581825
0.3425,5.0,12.0,5.137034967163062,11.935869308584438,2.381417219137064,6.9813147592704965,2.381417219137064,6.9813147592704965,-5.610828456650019
0.343,5.0,12.0,5.137533451231647,11.934795682112636,2.2342591379672303,7.0670060404079775,2.2342591379672303,7.0670060404079775,-4.445932461891856
0.3435,5.0,12.0,5.13796377756181,11.93380888896717,2.087951618422385,7.1520594415031,2.087951618422385,7.1520594415031,-3.2851213773491206
0.34400000000000003,5.0,12.0,5.138326413331077,11.932910043131757,1.942553480873563,7.236365524548969,1.942553480873563,7.236365524548969,-2.1291205238340534
0.34450000000000003,5.0,12.0,5.138621798231716,11.932100109666605,1.7981236134932406,7.3198166779794835,1.7981236134932406,7.3198166779794835,-0.9786493641442158
0.34500000000000003,5.0,12.0,5.1388503425746865,11.93137990408338,1.654721038510595,7.402307278913248,1.654721038510595,7.402307278913248,0.16557889709052206
0.34550000000000003,5.0,12.0,5.139012425723001,11.930750091967251,1.51240497386322,7.483733851148717,1.51240497386322,7.483733851148717,1.3028577107337762
0.34600000000000003,5.0,12.0,5.139108394858713,11.930211188840948,1.3712348898420434,7.563995218730698,1.3712348898420434,7.563995218730698,2.4324875776667905
0.34650000000000003,5.0,12.0,5.139138564085316,11.929763560269189,1.231270560339654,7.642992654890293,1.231270560339654,7.642992654890293,3.5537764405191585
0.34700000000000003,5.0,12.0,5.139103213866017,11.929407422200198,1.0925721083566804,7.720630026191442,1.0925721083566804,7.720630026191442,4.666040072595919
0.34750000000000003,5.0,12.0,5.139002590797458,11.929142841541122,0.9552000454407257,7.796813931687099,0.9552000454407257,7.796813931687099,5.768602463970983
0.34800000000000003,5.0,12.0,5.138836907715564,11.928969736966204,0.8192153047668067,7.871453836910704,0.8192153047668067,7.871453836910704,6.860796204696119
0.34850000000000003,5.0,12.0,5.138606344130358,11.928887879953974,0.6846792675963571,7.944462202507088,0.6846792675963571,7.944462202507088,7.941962865053011
0.34900000000000003,5.0,12.0,5.138311046983791,11.92889689605258,0.5516537828926618,8.015754607318602,0.5516537828926618,8.015754607318602,9.011453372753776
0.34950000000000003,5.0,12.0,5.137951131724041,11.92899626637079,0.4202011798919032,8.08524986573501,0.4202011798919032,8.08524986573501,10.06862838697223
0.35000000000000003,5.0,12.0,5.137526683688053,11.92918532929297,0.2903842734790363,8.152870139118136,0.2903842734790363,8.152870139118136,11.11285866906501
0.35050000000000003,5.0,12.0,5.137037759782468,11.929463282416508,0.16226636223400526,8.218541041109997,0.16226636223400526,8.218541041109997,12.143525449818208
0.35100000000000003,5.0,12.0,5.136484390452437,11.929829184710082,0.03591121907305572,8.282191736636,0.03591121907305572,8.282191736636,13.16002079303168
0.35150000000000003,5.0,12.0,5.1358665819260105,11.930281958890841,-0.08861692558732637,8.343755034402246,-0.08861692558732637,8.343755034402246,14.161747955229666
0.35200000000000004,5.0,12.0,5.1351843187209925,11.930820394019646,-0.21125340814102778,8.403167472724157,-0.21125340814102778,8.403167472724157,15.148121741263362
0.35250000000000004,5.0,12.0,5.134437566399505,11.931443148311722,-0.33193316357078917,8.460369398466126,-0.33193316357078917,8.460369398466126,16.118568855548432
0.35300000000000004,5.0,12.0,5.1336262745550885,11.932148752162293,-0.450590764644097,8.515305038943715,-0.450590764644097,8.515305038943715,17.07252824865822
0.35350000000000004,5.0,12.0,5.1327503800158,11.932935611383387,-0.5671604684197797,8.567922566593463,-0.5671604684197797,8.567922566593463,18.00945145897236
0.35400000000000004,5.0,12.0,5.131809810245818,11.933802010651684,-0.6815762699660461,8.618174156236222,-0.6815762699660461,8.618174156236222,18.92880294905996
0.35450000000000004,5.0,12.0,5.1308044869273255,11.9347461171636,-0.7937719631035498,8.666016034797623,-0.7937719631035498,8.666016034797623,19.83006043645725
0.35500000000000004,5.0,12.0,5.129734329703723,11.935765984495314,-0.9036812080059011,8.711408523285904,-0.9036812080059011,8.711408523285904,20.712715218481602
0.35550000000000004,5.0,12.0,5.128599260064475,11.936859556664476,-1.0112376054140286,8.754316070932834,-1.0112376054140286,8.754316070932834,21.576272490706923
0.35600000000000004,5.0,12.0,5.127399205351181,11.938024672390217,-1.1163747772175054,8.79470728132862,-1.1163747772175054,8.79470728132862,22.420251658710235
0.35650000000000004,5.0,12.0,5.126134102864494,11.939259069547175,-1.219026453112002,8.832554930447785,-1.219026453112002,8.832554930447785,23.244186642685513
0.35700000000000004,5.0,12.0,5.124803904049987,11.940560389809136,-1.3191265630182651,8.86783597645056,-1.3191265630182651,8.86783597645056,24.047626174508835
0.35750000000000004,5.0,12.0,5.123408578742296,11.94192618347667,-1.4166093349119975,8.900531561188757,-1.4166093349119975,8.900531561188757,24.830134086828867
0.35800000000000004,5.0,12.0,5.121948119445223,11.94335391448365,-1.5114093977053464,8.930627003318175,-1.5114093977053464,8.930627003318175,25.591289593747934
0.35850000000000004,5.0,12.0,5.120422545626299,11.944840965575676,-1.6034618887719976,8.95811178298407,-1.6034618887719976,8.95811178298407,26.33068756265311
0.35900000000000004,5.0,12.0,5.118831908003743,11.946384643653209,-1.6927025657109076,8.98297951804307,-1.6927025657109076,8.98297951804307,27.047938776751867
0.35950000000000004,5.0,12.0,5.117176292804454,11.947982185272116,-1.7790679219035304,9.005227931794042,-1.7790679219035304,9.005227931794042,27.742670187865077
0.36000000000000004,5.0,12.0,5.115455825971009,11.949630762292157,-1.8624953054075974,9.024858812257097,-1.8624953054075974,9.024858812257097,28.414525159029402
0.36050000000000004,5.0,12.0,5.113670677296735,11.951327487664972,-1.9429230407247275,9.041877963003525,-1.9429230407247275,9.041877963003525,29.063163696463644
0.36100000000000004,5.0,12.0,5.111821064468072,11.953069421350639,-2.0202905529423174,9.056295145610985,-2.0202905529423174,9.056295145610985,29.688262670457426
0.36150000000000004,5.0,12.0,5.109907256993373,11.954853576352319,-2.0945384937655005,9.068124013834211,-2.0945384937655005,9.068124013834211,30.28951602474699
0.36200000000000004,5.0,12.0,5.107929579999065,11.95667692485748,-2.1656088689196107,9.077382039581353,-2.1656088689196107,9.077382039581353,30.866634973951413
0.36250000000000004,5.0,12.0,5.105888417873394,11.958536404472474,-2.2334451664247514,9.084090430847999,-2.2334451664247514,9.084090430847999,31.41934818865301
0.36300000000000004,5.0,12.0,5.103784217740113,11.960428924538695,-2.297992485210282,9.088274041765875,-2.297992485210282,9.088274041765875,31.947401967718566
0.3635,5.0,12.0,5.1016174927439994,11.962351372514952,-2.359197663563575,9.089961274955709,-2.359197663563575,9.089961274955709,32.45056039747266
0.364,5.0,12.0,5.0993888251323405,11.964300620412523,-2.4170094068861725,9.089183976408322,-2.4170094068861725,9.089183976408322,32.928605497351114
0.3645,5.0,12.0,5.097098869116614,11.966273531267454,-2.4713784142491324,9.085977323125357,-2.4713784142491324,9.085977323125357,33.38133735168139
0.365,5.0,12.0,5.094748353499814,11.968266965634227,-2.522257503236354,9.080379703810912,-2.522257503236354,9.080379703810912,33.80857422725693
0.3655,5.0,12.0,5.092338084057,11.970277788084548,-2.569601732581887,9.072432592894891,-2.569601732581887,9.072432592894891,34.210152676395204
0.366,5.0,12.0,5.0898689456562165,11.972302873694705,-2.613368522105838,9.062180418222143,-2.613368522105838,9.062180418222143,34.58592762519256
0.3665,5.0,12.0,5.087341904109942,11.974339114503792,-2.6535177694823893,9.049670422757384,-2.6535177694823893,9.049670422757384,34.93577244671485
0.367,5.0,12.0,5.084758007747253,11.976383425926016,-2.6900119633754036,9.034952520677548,-2.6900119633754036,9.034952520677548,35.25957901888927
0.3675,5.0,12.0,5.082118388699142,11.978432753098533,-2.7228162925048265,9.018079148243643,-2.7228162925048265,9.018079148243643,35.55725776689123
0.368,5.0,12.0,5.0794242638903375,11.98048407714727,-2.7518987502203944,8.999105109881675,-2.7518987502203944,8.999105109881675,35.82873768984908
0.3685,5.0,12.0,5.076676935732732,11.982534421352552,-2.7772302341870083,8.978087419906075,-2.7772302341870083,8.978087419906075,36.07396637171984
0.369,5.0,12.0,5.073877792516652,11.984580857196356,-2.798784640805464,8.955085140345593,-2.798784640805464,8.955085140345593,36.29290997622027
0.3695,5.0,12.0,5.071028308498139,11.986620510273392,-2.8165389540168517,8.930159215341064,-2.8165389540168517,8.930159215341064,36.48555322572901
0.37,5.0,12.0,5.06813004368143,11.988650566047603,-2.830473328176689,8.9033723026186,-2.830473328176689,8.9033723026186,36.65189936410822
0.3705,5.0,12.0,5.065184643297493,11.990668275437082,-2.840571164693534,8.87478860252319,-2.840571164693534,8.87478860252319,36.79197010342554
0.371,5.0,12.0,5.062193836981055,11.992670960209535,-2.846819182175854,8.844473685152877,-2.846819182175854,8.844473685152877,36.90580555459022
0.3715,5.0,12.0,5.059159437649622,11.994656018172087,-2.849207479851251,8.812494316088427,-2.849207479851251,8.812494316088427,36.993464141949886
0.372,5.0,12.0,5.056083340089703,11.996620928138487,-2.84772959405472,8.778918281280184,-2.84772959405472,8.778918281280184,37.05502250192777
0.3725,5.0,12.0,5.052967519256686,11.998563254658123,-2.842382547612779,8.74381421159352,-2.842382547612779,8.74381421159352,37.09057536581218
0.373,5.0,12.0,5.049814028296037,12.000480652492442,-2.8331668919933133,8.707251407585627,-2.8331668919933133,8.707251407585627,37.10023542684237
0.3735,5.0,12.0,5.046624996294706,12.002370870823645,-2.82008674209892,8.669299665026951,-2.82008674209892,8.669299665026951,37.08413319176676
0.374,5.0,12.0,5.043402625773149,12.00423175718271,-2.8031498036502858,8.630029101709528,-2.8031498036502858,8.630029101709528,37.04241681707967
0.3745,5.0,12.0,5.040149189928877,12.006061261084515,-2.7823673930987307,8.589509986073349,-2.7823673930987307,8.589509986073349,36.97525193017322
0.375,5.0,12.0,5.036867029644004,12.007857437358405,-2.7577544500709994,8.547812568179353,-2.7577544500709994,8.547812568179353,36.88282143566985
0.3755,5.0,12.0,5.033558550269864,12.009618449163584,-2.7293295423626556,8.505006913524891,-2.7293295423626556,8.505006913524891,36.765325307228494
0.376,5.0,12.0,5.030226218202847,12.011342570680766,-2.697114863528825,8.461162740227746,-2.697114863528825,8.461162740227746,36.62298036514454
0.3765,5.0,12.0,5.026872557266191,12.013028189471225,-2.661136223161065,8.41634926004874,-2.661136223161065,8.41634926004874,36.45602004008835
0.377,5.0,12.0,5.023500144913358,12.014673808497205,-2.621423029948985,8.370635023729141,-2.621423029948985,8.370635023729141,36.264694123351255
0.3775,5.0,12.0,5.0201116082686665,12.016278047797407,-2.5780082676770424,8.324087771100611,-2.5780082676770424,8.324087771100611,36.04926850399029
0.378,5.0,12.0,5.016709620022364,12.017839645813924,-2.5309284643046888,8.276774286404981,-2.5309284643046888,8.276774286404981,35.810024893282936
0.3785,5.0,12.0,5.013296894196165,12.019357460367114,-2.480223654328887,8.228760259219557,-2.480223654328887,8.228760259219557,35.54726053692276
0.379,5.0,12.0,5.009876181797356,12.020830469277042,-2.4259373346248947,8.180110151403259,-2.4259373346248947,8.180110151403259,35.261287915403514
0.3795,5.0,12.0,5.006450266377824,12.022257770631263,-2.3681164140121105,8.130887070403704,-2.3681164140121105,8.130887070403704,34.95243443305476
0.38,5.0,12.0,5.003021959516306,12.023638582699888,-2.306811156774187,8.081152649279893,-2.306811156774187,8.081152649279893,34.6210420962056
0.3805,5.0,12.0,4.999594096240558,12.02497224350015,-2.2420751204196496,8.030966933743217,-2.2420751204196496,8.030966933743217,34.267467180964665
0.381,5.0,12.0,4.996169530406834,12.026258210014298,-2.1739650879459433,7.980388276504618,-2.1739650879459433,7.980388276504618,33.89207989111446
0.3815,5.0,12.0,4.992751130053964,12.02749605706622,-2.1025409949164047,7.929473239177689,-2.1025409949164047,7.929473239177689,33.495264006625796
0.382,5.0,12.0,4.98934177274827,12.028685475861987,-2.0278658516429213,7.878276501960324,-2.0278658516429213,7.878276501960324,33.07741652330423
0.3825,5.0,12.0,4.985944340935817,12.029826272202936,-1.9500056607975242,7.826850781292462,-1.9500056607975242,7.826850781292462,32.638947284084736
0.383,5.0,12.0,4.982561717317906,12.030918364379268,-1.8690293307740151,7.775246755646256,-1.8690293307740151,7.775246755646256,32.18027860249285
0.3835,5.0,12.0,4.979196780264766,12.031961780753962,-1.785008585116291,7.723512999581519,-1.785008585116291,7.723512999581519,31.701844878791473
0.384,5.0,12.0,4.975852399282363,12.032956657048375,-1.6980178683587996,7.67169592616302,-1.6980178683587996,7.67169592616302,31.20409220933117
0.3845,5.0,12.0,4.972531430545794,12.033903233340935,-1.608134248596865,7.6198397378108425,-1.608134248596865,7.6198397378108425,30.68747798961906
0.385,5.0,12.0,4.969236712513076,12.034801850791931,-1.5154373171197006,7.5679863856119995,-1.5154373171197006,7.5679863856119995,30.152470511617143
0.3855,5.0,12.0,4.96597106163098,12.03565294810842,-1.4200090854404972,7.516175537108263,-1.4200090854404972,7.516175537108263,29.599548555774646
0.386,5.0,12.0,4.962737268144747,12.036457057763668,-1.321933880033718,7.464444552527317,-1.321933880033718,7.464444552527317,29.02920097829212
0.3865,5.0,12.0,4.959538092022488,12.037214801986162,-1.221298235112033,7.412828469402614,-1.221298235112033,7.412828469402614,28.44192629410584
0.387,5.0,12.0,4.956376259003477,12.03792688853513,-1.1181907837388647,7.361359995501751,-1.1181907837388647,7.361359995501751,27.83823225607152
0.3875,5.0,12.0,4.953254456779436,12.038594106278198,-1.0127021475821758,7.310069509945263,-1.0127021475821758,7.310069509945263,27.218635430814892
0.388,5.0,12.0,4.95017533131652,12.039217320589206,-0.9049248256055482,7.258985072382194,-0.9049248256055482,7.258985072382194,26.583660771705006
0.3885,5.0,12.0,4.947141483324648,12.039797468583044,-0.7949530819650352,7.208132440043344,-0.7949530819650352,7.208132440043344,25.933841189392528
0.389,5.0,12.0,4.944155464880229,12.040335554206326,-0.6828828333881929,7.157535092499625,-0.6828828333881929,7.157535092499625,25.269717120341852
0.3895,5.0,12.0,4.941219776206943,12.040832643201544,-0.5688115362794668,7.107214263889562,-0.5688115362794668,7.107214263889562,24.591836093771008
0.39,5.0,12.0,4.938336862618838,12.041289857963436,-0.4528380738005353,7.057188982390501,-0.4528380738005353,7.057188982390501,23.900752297398185
0.3905,5.0,12.0,4.935509111627875,12.041708372306264,-0.33506264314050505,7.0074761166685295,-0.33506264314050505,7.0074761166685295,23.197026142377972
0.391,5.0,12.0,4.932738850219267,12.042089406160862,-0.21558664319129006,6.9580904290288315,-0.21558664319129006,6.9580904290288315,22.48122382779446
0.3915,5.0,12.0,4.930028342294382,12.042434220219308,-0.09451256281813691,6.909044634960897,-0.09451256281813691,6.909044634960897,21.753916905061875
0.392,5.0,12.0,4.927379786282383,12.04274411054713,0.028056130095528875,6.8603494687746,0.028056130095528875,6.8603494687746,21.015681842567144
0.3925,5.0,12.0,4.924795312919772,12.043020403180426,0.15201509867171303,6.8120137549837505,0.15201509867171303,6.8120137549837505,20.267099590872053
0.393,5.0,12.0,4.922276983196521,12.043264448726555,0.2772592459807184,6.764044485093616,0.2772592459807184,6.764044485093616,19.50875514877642
0.3935,5.0,12.0,4.9198267864666505,12.043477616986149,0.4036828227755822,6.716446899438299,0.4036828227755822,6.716446899438299,18.74123713052746
0.394,5.0,12.0,4.917446638720854,12.043661291614498,0.5311795339097687,6.669224573688497,0.5311795339097687,6.669224573688497,17.965137334444233
0.3945,5.0,12.0,4.915138381017313,12.043816864838831,0.6596426433303595,6.6223795096605595,0.6596426433303595,6.6223795096605595,17.181050313210868
0.395,5.0,12.0,4.912903778067183,12.0439457322486,0.7889650775765009,6.575912230025143,0.7889650775765009,6.575912230025143,16.389572946076665
0.3955,5.0,12.0,4.910744516970113,12.044049287675143,0.9190395277019192,6.529821876527485,0.9190395277019192,6.529821876527485,15.591304013186765
0.396,5.0,12.0,4.9086622060948555,12.044128918176133,1.0497585495790598,6.484106311319948,1.0497585495790598,6.484106311319948,14.786843772252984
0.3965,5.0,12.0,4.90665837409975,12.044185999139982,1.1810146625309041,6.438762220992341,1.1810146625309041,6.438762220992341,13.976793537760866
0.397,5.0,12.0,4.904734469087444,12.044221889524584,1.312700446273071,6.39378522290002,1.312700446273071,6.39378522290002,13.161755262896644
0.3975,5.0,12.0,4.902891857887854,12.044237927244549,1.4447086361373698,6.349169973375641,1.4447086361373698,6.349169973375641,12.342331124365657
0.398,5.0,12.0,4.901131825463251,12.044235424719286,1.5769322165758486,6.304910277417162,1.5769322165758486,6.304910277417162,11.519123110262944
0.3985,5.0,12.0,4.899455574429325,12.044215664595484,1.7092645129440873,6.2609991994460215,1.7092645129440873,6.2609991994460215,10.692732611146551
0.399,5.0,12.0,4.897864224685608,12.044179895653839,1.8415992815725999,6.2174291747156225,1.8415992815725999,6.2174291747156225,9.863760014454886
0.3995,5.0,12.0,4.896358813149085,12.044129328913074,1.973830798147413,6.174192120986479,1.973830798147413,6.174192120986479,9.032804302401063
0.4,5.0,12.0,4.8949402935845345,12.044065133939156,2.1058539444191267,6.1312795500628505,2.1058539444191267,6.1312795500628505,8.200462653470074
